period,bank,total_volume_mn,approved_pct,bd_pct,td_pct
2023-12,State Bank Of India,3073.18,95.23,4.34,0.43
2023-12,HDFC BANK LTD,1040.77,96.50,3.44,0.06
2023-12,Bank of Baroda,766.81,94.55,4.94,0.51
2023-12,Union Bank of India,745.87,94.86,4.38,0.76
2023-12,Punjab National Bank,607.36,95.25,4.59,0.17
2023-12,Kotak Mahindra Bank,588.94,94.40,5.11,0.49
2023-12,Canara Bank,563.67,94.26,5.38,0.37
2023-12,Axis Bank Ltd.,562.18,96.43,3.57,0.01
2023-12,ICICI Bank,556.61,96.39,3.28,0.33
2023-12,Paytm Payments Bank,410.19,96.37,3.63,0.00
2023-12,Bank of India,384.87,95.78,4.03,0.18
2023-12,Indian Bank,338.76,95.28,4.52,0.20
2023-12,Airtel Payments Bank,320.02,88.41,8.15,3.43
2023-12,India Post Payment Bank,247.32,82.43,11.85,5.72
2023-12,Federal Bank,184.64,95.56,4.34,0.10
2023-12,Central Bank Of India,177.99,86.46,11.95,1.59
2023-12,Indian Overseas Bank,160.68,93.86,4.42,1.72
2023-12,UCO Bank,147.86,94.38,5.06,0.56
2023-12,IDBI Bank Limited,139.37,94.99,3.80,1.21
2023-12,Bank of Maharashtra,133.33,94.32,4.68,1.00
2023-12,INDUSIND BANK,120.30,92.92,6.12,0.97
2023-12,Fino Payments Bank Limited FIP,107.84,90.01,8.54,1.45
2023-12,Yes Bank Ltd,97.36,95.39,4.51,0.10
2023-12,Karnataka Bank,96.35,92.95,5.48,1.57
2023-12,IDFC FIRST Bank,75.11,93.58,6.38,0.04
2023-12,Karur Vysya Bank,58.61,93.73,5.71,0.56
2023-12,South Indian Bank,48.80,96.11,3.82,0.08
2023-12,Jammu and Kashmir Bank,48.75,69.74,25.78,4.48
2023-12,Bandhan Bank,47.39,92.57,6.71,0.72
2023-12,Ujjivan Small Finance Bank,36.67,93.65,5.57,0.78
2023-12,AU small Finance Bank,36.18,94.68,4.30,1.02
2023-12,City Union Bank,34.96,93.56,6.10,0.34
2023-12,Tri O Tech Solutions Private Limited,34.24,100.00,0.00,0.00
2023-12,Punjab and Sind Bank,31.50,89.74,6.25,4.01
2023-12,Tamilnad Mercantile Bank,30.97,94.34,5.15,0.51
2023-12,Equitas Bank,28.13,93.09,6.89,0.02
2023-12,Standard Chartered,27.13,95.82,2.10,2.08
2023-12,Kerala Gramin Bank,25.29,93.63,6.11,0.27
2023-12,DBS Bank India Limited,24.94,95.90,4.08,0.02
2023-12,Andhra Pradesh Grameena Vikas Bank,24.85,88.05,10.56,1.39
2023-12,Pragathi Krishna Gramin Bank,23.88,91.21,8.32,0.46
2023-12,Maharashtra Gramin Bank,22.04,85.60,10.75,3.65
2023-12,Saraswat Bank,21.70,94.44,4.88,0.68
2023-12,Baroda UP Gramin Bank,20.77,51.12,9.10,39.78
2023-12,Citibank,20.47,96.75,3.06,0.19
2023-12,ESAF Small Finance Bank Ltd.,19.79,94.55,5.13,0.31
2023-12,HDFC Bank Credit Card HCB,19.02,94.17,5.61,0.21
2023-12,Rajasthan Marudhara Gramin Bank,18.75,87.95,10.82,1.23
2023-12,Fincare Small Finance Bank Ltd,16.01,87.76,11.47,0.76
2023-12,RBL Bank,14.97,80.11,6.09,13.80
2024-06,State Bank of India,3738.00,94.82,4.95,0.22
2024-06,HDFC Bank Ltd,1191.85,95.43,4.34,0.23
2024-06,Bank of Baroda,912.47,93.28,6.39,0.33
2024-06,Union Bank of India,869.16,93.98,5.74,0.28
2024-06,Punjab National Bank,783.70,93.53,6.07,0.40
2024-06,Kotak Mahindra Bank Ltd,727.46,92.20,6.93,0.86
2024-06,Canara Bank,657.78,92.85,6.43,0.72
2024-06,Axis Bank Ltd.,651.80,95.59,4.40,0.02
2024-06,ICICI Bank Ltd,620.66,96.19,3.76,0.05
2024-06,Bank Of India,444.39,94.18,5.51,0.32
2024-06,Indian Bank,423.92,94.06,5.76,0.19
2024-06,Airtel Payments Bank Ltd,414.12,88.87,10.12,1.01
2024-06,India Post Payments Bank Ltd,319.04,85.95,12.05,2.00
2024-06,Federal Bank,205.99,94.34,5.61,0.06
2024-06,Central Bank of India,202.35,86.99,11.27,1.74
2024-06,Indian Overseas Bank,197.11,92.98,5.54,1.48
2024-06,UCO Bank,184.42,93.38,6.35,0.27
2024-06,IDBI Bank,155.97,94.24,5.25,0.51
2024-06,Indusind Bank Ltd.,155.09,91.86,7.68,0.46
2024-06,Bank of Maharashtra,150.89,93.21,5.77,1.01
2024-06,Fino Payments Bank Ltd.,140.81,92.49,7.16,0.36
2024-06,Yes bank Ltd.,118.94,94.04,5.79,0.17
2024-06,Karnataka Bank Ltd,108.50,93.12,6.42,0.46
2024-06,IDFC Bank Ltd.,85.74,93.06,6.88,0.06
2024-06,Karur Vysya Bank,67.93,93.39,6.14,0.47
2024-06,The Jammu And Kashmir Bank Ltd,65.45,93.49,4.86,1.66
2024-06,Bandhan Bank Ltd.,59.26,92.99,6.11,0.90
2024-06,South Indian Bank,54.24,94.99,4.95,0.06
2024-06,Tri O Tech Solutions Private Limited,50.77,100.00,0.00,0.00
2024-06,AU Small Finance Bank,46.74,93.96,6.01,0.02
2024-06,Ujjivan Small Finance Bank Limited,44.18,94.17,5.60,0.23
2024-06,City Union Bank Limited,40.87,93.05,6.69,0.26
2024-06,Punjab & Sind Bank,38.32,92.27,7.46,0.27
2024-06,Tamilnad Mercantile Bank Ltd.,38.20,91.39,7.44,1.17
2024-06,Equitas Small Finance Bank Ltd,32.46,92.00,7.29,0.71
2024-06,HDFC Bank Credit Card HCB,31.15,95.19,4.66,0.15
2024-06,Andhra Pradesh Grameena Vikas Bank,29.53,85.51,12.21,2.28
2024-06,Kerala Gramin Bank,29.43,93.72,5.54,0.74
2024-06,Pragathi Krishna Gramin Bank,26.98,91.24,6.93,1.83
2024-06,DBS Bank India Limited,26.61,94.23,5.72,0.05
2024-06,Rajasthan Marudhara Gramin Bank,25.44,86.22,11.56,2.22
2024-06,Maharashtra Gramin Bank,25.16,86.97,11.42,1.61
2024-06,Standard Chartered Bank,24.97,96.93,2.90,0.17
2024-06,Baroda Uttar Pradesh Gramin Bank,24.09,74.58,10.00,15.42
2024-06,Saraswat Co-operative Bank Ltd.,23.45,94.86,4.71,0.43
2024-06,ESAF Small Finance Bank Ltd.,22.93,95.04,4.76,0.20
2024-06,Fincare Small Finance Bank Limited,20.56,85.12,14.38,0.51
2024-06,Sarva Haryana Gramin Bank,19.34,89.85,7.83,2.32
2024-06,Andhra Pragathi Grameena Bank,18.35,80.76,12.96,6.28
2024-06,Jio Payments Bank limited,16.80,84.80,11.61,3.59
2025-01,State Bank of India,4664.49,91.22,7.93,0.84
2025-01,HDFC Bank Ltd.,1419.33,93.64,6.28,0.08
2025-01,Bank of Baroda,1159.99,91.22,8.50,0.28
2025-01,Union Bank of India,1086.26,91.25,8.07,0.68
2025-01,Punjab National Bank,976.62,89.56,10.31,0.13
2025-01,Kotak Mahindra Bank,889.41,89.73,10.22,0.06
2025-01,Canara Bank,835.68,91.83,7.80,0.37
2025-01,Axis Bank Ltd.,821.68,93.47,6.51,0.02
2025-01,ICICI Bank Ltd.,692.71,94.98,4.96,0.06
2025-01,Bank Of India,556.22,92.58,7.05,0.37
2025-01,Airtel Payments Bank Limited,553.22,85.84,13.72,0.45
2025-01,Indian Bank,539.83,91.90,8.04,0.06
2025-01,India Post Payments Bank Ltd.,496.43,83.69,14.80,1.51
2025-01,Indian Overseas Bank,264.20,92.14,7.55,0.31
2025-01,Federal Bank Ltd.,250.01,91.29,8.47,0.24
2025-01,Central Bank of India,246.28,85.69,13.46,0.85
2025-01,UCO Bank,231.83,90.85,8.99,0.16
2025-01,Bank of Maharashtra,194.89,92.30,7.61,0.09
2025-01,Indusind Bank Ltd.,191.69,87.62,12.19,0.19
2025-01,IDBI Bank Ltd.,188.22,92.26,7.49,0.25
2025-01,Fino Payments Bank Ltd.,185.40,91.80,8.05,0.14
2025-01,Yes Bank Ltd.,168.50,84.22,15.59,0.19
2025-01,Karnataka Bank,136.62,90.20,9.67,0.14
2025-01,IDFC Bank Ltd.,104.47,90.66,9.31,0.03
2025-01,Karur Vysya Bank,84.10,92.02,7.64,0.34
2025-01,The Jammu & Kashmir Bank Limited,82.35,93.48,6.31,0.21
2025-01,Tri O Tech Solutions Private Limited,78.71,100.00,0.00,0.00
2025-01,Bandhan Bank limited,78.53,92.71,5.28,2.01
2025-01,AU Small Finance Bank,69.84,86.60,12.25,1.15
2025-01,The South Indian Bank Limited,67.76,94.10,5.64,0.26
2025-01,Punjab and Sind Bank,50.26,90.33,9.39,0.28
2025-01,City Union Bank,49.76,91.73,8.11,0.16
2025-01,Ujjivan Small Finance Bank Limited,49.30,94.68,4.95,0.38
2025-01,Tamilnad Mercantile Bank Limited,47.41,91.51,8.31,0.18
2025-01,Kerala Gramin Bank,41.85,91.60,7.39,1.01
2025-01,JIO Payments Bank Ltd,38.84,86.01,12.36,1.63
2025-01,Baroda U.P. Bank,35.83,90.54,6.23,3.23
2025-01,Karnataka Gramin Bank,33.43,86.15,9.39,4.46
2025-01,Rajasthan Marudhara Gramin Bank,31.82,81.68,12.90,5.43
2025-01,Maharashtra Gramin Bank,31.62,86.20,12.11,1.69
2025-01,Equitas Small Finance Bank,31.07,90.38,9.51,0.10
2025-01,DBS Bank India Limited,30.85,92.01,7.92,0.07
2025-01,ESAF Small Finance Bank Ltd,30.15,95.22,4.46,0.31
2025-01,RBL Bank Ltd.,29.51,91.90,7.73,0.37
2025-01,NSDL Payments Bank Limited,29.28,74.94,20.06,5.00
2025-01,Saraswat Co-operative Bank,28.32,93.24,6.42,0.34
2025-01,Standard Chartered Bank,26.87,95.22,4.22,0.56
2025-01,Telangana Grameena Bank,26.64,79.06,15.81,5.13
2025-01,Andhra Pragathi Grameena Bank,25.58,76.03,11.90,12.07
2025-01,Sarva Haryana Gramin Bank,21.26,94.63,4.63,0.73
