period,band,mcc,description,volume_mn,value_cr
2025-08,High Transacting Categories,5411,Groceries And Supermarkets,3129.40,68115.89
2025-08,High Transacting Categories,5814,Fast Food Restaurants,1263.07,14542.00
2025-08,High Transacting Categories,5812,Eating Places And Restaurants,1182.83,19432.25
2025-08,High Transacting Categories,4814,"Telecommunication Services, Including Local And Long Distance Calls, Credit Card Calls,Callsthrough Use Of Magnetic Stripe Reading Telephones And Faxes",865.65,21218.15
2025-08,High Transacting Categories,5541,Service Stations (With Or Without Ancillary Services),626.95,34546.82
2025-08,High Transacting Categories,5993,Cigar Shops And Stands,330.07,1946.50
2025-08,High Transacting Categories,5912,Drug Stores And Pharmacies,322.46,12580.60
2025-08,High Transacting Categories,5462,Bakeries,271.22,4092.27
2025-08,High Transacting Categories,5816,Digital Goods: Games,270.70,7441.14
2025-08,High Transacting Categories,5451,Dairies,179.10,4532.91
2025-08,Medium Transacting Categories,4900,"Utilities Electric, Gas, Water And Sanitary",170.91,22368.15
2025-08,Medium Transacting Categories,7322,Debt Collection Agencies,151.49,77007.05
2025-08,Medium Transacting Categories,5921,"Package Shops Beer, Wine And Liquor",149.20,6116.17
2025-08,Medium Transacting Categories,5262,Online Marketplaces,122.60,7821.54
2025-08,Medium Transacting Categories,5441,"Candy, Nut And Confectionery Shops",115.11,2227.20
2025-08,Medium Transacting Categories,9399,Government Services Not Elsewhere Classified,107.75,10589.67
2025-08,Medium Transacting Categories,5422,Freezer And Locker Meat Provisioners,102.15,3207.17
2025-08,Medium Transacting Categories,5691,Mens And Womens Clothing Shops,101.85,11811.01
2025-08,Medium Transacting Categories,5412,Purchase Of Digital Gold,99.77,1183.73
2025-08,Medium Transacting Categories,5732,Electronics Shops,93.34,10208.97
2025-08,All Other Categories,5813,"Drinking Places (Alcoholic Beverages) Bars, Taverns, Night-Clubs, Cocktail Lounges And Discothques",88.17,3413.72
2025-08,All Other Categories,7230,Beauty And Barber Shops,81.72,2316.82
2025-08,All Other Categories,4112,Passenger Railways,80.93,4142.51
2025-08,All Other Categories,7622,Electronics Repair Shops,78.02,2202.89
2025-08,All Other Categories,5137,"Mens, Womens And Childrens Uniforms And Commercial Clothing",75.87,7087.98
2025-08,All Other Categories,5311,Department Stores,69.99,4143.22
2025-08,All Other Categories,4121,Taxi-Cabs And Limousines,69.96,1204.41
2025-08,All Other Categories,5331,Variety Stores,67.18,3392.94
2025-08,All Other Categories,6211,Securities Brokers And Dealers,57.81,45687.06
2025-07,High Transacting Categories,5411,Groceries And Supermarkets,3032.59,64881.98
2025-07,High Transacting Categories,5814,Fast Food Restaurants,1221.46,13794.22
2025-07,High Transacting Categories,5812,Eating Places And Restaurants,1153.40,18212.77
2025-07,High Transacting Categories,4814,"Telecommunication Services, Including Local And Long Distance Calls, Credit Card Calls,Callsthrough Use Of Magnetic Stripe Reading Telephones And Faxes",871.88,21628.80
2025-07,High Transacting Categories,5541,Service Stations (With Or Without Ancillary Services),612.49,35188.88
2025-07,High Transacting Categories,5816,Digital Goods: Games,351.24,10076.56
2025-07,High Transacting Categories,5993,Cigar Shops And Stands,321.84,1900.46
2025-07,High Transacting Categories,5912,Drug Stores And Pharmacies,297.41,11824.93
2025-07,High Transacting Categories,5462,Bakeries,261.93,3778.91
2025-07,High Transacting Categories,5451,Dairies,178.32,4372.84
2025-07,Medium Transacting Categories,4900,"Utilities Electric, Gas, Water And Sanitary",174.72,23497.63
2025-07,Medium Transacting Categories,7322,Debt Collection Agencies,161.36,93857.47
2025-07,Medium Transacting Categories,5921,"Package Shops Beer, Wine And Liquor",145.64,5920.43
2025-07,Medium Transacting Categories,5262,Online Marketplaces,122.01,8053.72
2025-07,Medium Transacting Categories,9399,Government Services Not Elsewhere Classified,109.96,11298.32
2025-07,Medium Transacting Categories,5441,"Candy, Nut And Confectionery Shops",107.37,1945.81
2025-07,Medium Transacting Categories,5422,Freezer And Locker Meat Provisioners,98.64,3140.46
2025-07,Medium Transacting Categories,5412,Purchase Of Digital Gold,95.72,1020.24
2025-07,Medium Transacting Categories,5691,Mens And Womens Clothing Shops,92.54,10874.31
2025-07,Medium Transacting Categories,5732,Electronics Shops,92.13,10067.66
2025-07,All Other Categories,5813,"Drinking Places (Alcoholic Beverages) Bars, Taverns, Night-Clubs, Cocktail Lounges And Discothques",86.44,3314.04
2025-07,All Other Categories,7622,Electronics Repair Shops,77.30,2202.87
2025-07,All Other Categories,4112,Passenger Railways,73.85,3657.91
2025-07,All Other Categories,7230,Beauty And Barber Shops,73.66,2061.03
2025-07,All Other Categories,4121,Taxi-Cabs And Limousines,67.65,1186.07
2025-07,All Other Categories,5311,Department Stores,65.88,4095.40
2025-07,All Other Categories,6211,Securities Brokers And Dealers,65.71,61080.49
2025-07,All Other Categories,5137,"Mens, Womens And Childrens Uniforms And Commercial Clothing",65.64,5968.52
2025-07,All Other Categories,5331,Variety Stores,60.23,3146.05
2025-06,High Transacting Categories,5411,Groceries And Supermarkets,2848.11,63307.98
2025-06,High Transacting Categories,5814,Fast Food Restaurants,1144.14,13511.21
2025-06,High Transacting Categories,5812,Eating Places And Restaurants,1102.10,18217.20
2025-06,High Transacting Categories,4814,"Telecommunication Services, Including Local And Long Distance Calls, Credit Card Calls,Callsthrough Use Of Magnetic Stripe Reading Telephones And Faxes",843.97,19946.50
2025-06,High Transacting Categories,5541,Service Stations (With Or Without Ancillary Services),591.24,35909.85
2025-06,High Transacting Categories,5816,Digital Goods: Games,332.94,9749.96
2025-06,High Transacting Categories,5993,Cigar Shops And Stands,294.96,1830.37
2025-06,High Transacting Categories,5462,Bakeries,260.34,3882.89
2025-06,High Transacting Categories,5912,Drug Stores And Pharmacies,255.66,10355.33
2025-06,High Transacting Categories,4900,"Utilities Electric, Gas, Water And Sanitary",171.01,22670.85
2025-06,Medium Transacting Categories,5451,Dairies,169.18,4214.89
2025-06,Medium Transacting Categories,5921,"Package Shops Beer, Wine And Liquor",147.16,6087.56
2025-06,Medium Transacting Categories,7322,Debt Collection Agencies,146.45,86698.33
2025-06,Medium Transacting Categories,5441,"Candy, Nut And Confectionery Shops",103.30,1862.47
2025-06,Medium Transacting Categories,9399,Government Services Not Elsewhere Classified,102.81,9204.87
2025-06,Medium Transacting Categories,5422,Freezer And Locker Meat Provisioners,101.02,3330.13
2025-06,Medium Transacting Categories,5262,Online Marketplaces,93.89,6558.75
2025-06,Medium Transacting Categories,5813,"Drinking Places (Alcoholic Beverages) Bars, Taverns, Night-Clubs, Cocktail Lounges And Discothques",86.82,3378.32
2025-06,Medium Transacting Categories,5412,Purchase Of Digital Gold,85.46,948.05
2025-06,Medium Transacting Categories,5691,Mens And Womens Clothing Shops,84.31,10383.52
2025-06,All Other Categories,5732,Electronics Shops,78.51,10436.88
2025-06,All Other Categories,7230,Beauty And Barber Shops,74.50,2061.71
2025-06,All Other Categories,7622,Electronics Repair Shops,73.64,2188.37
2025-06,All Other Categories,4112,Passenger Railways,73.27,3832.89
2025-06,All Other Categories,5137,"Mens, Womens And Childrens Uniforms And Commercial Clothing",67.06,6192.06
2025-06,All Other Categories,4121,Taxi-Cabs And Limousines,64.53,1202.33
2025-06,All Other Categories,5311,Department Stores,64.10,4084.54
2025-06,All Other Categories,5331,Variety Stores,59.18,3216.41
2025-06,All Other Categories,6211,Securities Brokers And Dealers,56.31,43986.51
2025-05,High Transacting Categories,5411,Groceries And Supermarkets,2826.09,64483.81
2025-05,High Transacting Categories,5814,Fast Food Restaurants,1160.30,14132.00
2025-05,High Transacting Categories,5812,Eating Places And Restaurants,1133.93,18755.38
2025-05,High Transacting Categories,4814,"Telecommunication Services, Including Local And Long Distance Calls, Credit Card Calls,Callsthrough Use Of Magnetic Stripe Reading Telephones And Faxes",879.66,19907.48
2025-05,High Transacting Categories,5541,Service Stations (With Or Without Ancillary Services),590.57,36592.74
2025-05,High Transacting Categories,5816,Digital Goods: Games,420.82,10634.88
2025-05,High Transacting Categories,5993,Cigar Shops And Stands,290.88,1888.90
2025-05,High Transacting Categories,5462,Bakeries,257.12,3865.32
2025-05,High Transacting Categories,5912,Drug Stores And Pharmacies,251.91,10306.01
2025-05,High Transacting Categories,4900,"Utilities Electric, Gas, Water And Sanitary",176.13,21702.00
2025-05,Medium Transacting Categories,5451,Dairies,172.62,4452.53
2025-05,Medium Transacting Categories,7322,Debt Collection Agencies,145.47,90133.03
2025-05,Medium Transacting Categories,5921,"Package Shops Beer, Wine And Liquor",141.16,6035.54
2025-05,Medium Transacting Categories,5441,"Candy, Nut And Confectionery Shops",104.43,1925.94
2025-05,Medium Transacting Categories,5422,Freezer And Locker Meat Provisioners,100.89,3360.59
2025-05,Medium Transacting Categories,9399,Government Services Not Elsewhere Classified,98.24,8821.95
2025-05,Medium Transacting Categories,5262,Online Marketplaces,90.97,6342.46
2025-05,Medium Transacting Categories,5813,"Drinking Places (Alcoholic Beverages) Bars, Taverns, Night-Clubs, Cocktail Lounges And Discothques",86.39,3409.77
2025-05,Medium Transacting Categories,5691,Mens And Womens Clothing Shops,82.55,11092.78
2025-05,Medium Transacting Categories,5412,Purchase Of Digital Gold,79.43,983.24
2025-05,All Other Categories,5732,Electronics Shops,78.81,11012.13
2025-05,All Other Categories,7230,Beauty And Barber Shops,74.89,2202.25
2025-05,All Other Categories,7622,Electronics Repair Shops,74.82,2313.50
2025-05,All Other Categories,4112,Passenger Railways,71.39,3731.24
2025-05,All Other Categories,5137,"Mens, Womens And Childrens Uniforms And Commercial Clothing",71.34,7176.69
2025-05,All Other Categories,5311,Department Stores,67.96,4525.50
2025-05,All Other Categories,4121,Taxi-Cabs And Limousines,64.09,1226.37
2025-05,All Other Categories,5331,Variety Stores,61.00,3562.05
2025-05,All Other Categories,5651,Family Clothing Shops,54.93,4900.77
2025-04,High Transacting Categories,5411,Groceries And Supermarkets,2699.03,60073.81
2025-04,High Transacting Categories,5814,Fast Food Restaurants,1104.47,13153.73
2025-04,High Transacting Categories,5812,Eating Places And Restaurants,1072.96,17279.32
2025-04,High Transacting Categories,4814,"Telecommunication Services, Including Local And Long Distance Calls, Credit Card Calls,Callsthrough Use Of Magnetic Stripe Reading Telephones And Faxes",857.14,19323.48
2025-04,High Transacting Categories,5541,Service Stations (With Or Without Ancillary Services),552.20,33921.33
2025-04,High Transacting Categories,5816,Digital Goods: Games,505.37,10530.66
2025-04,High Transacting Categories,5993,Cigar Shops And Stands,270.99,1750.68
2025-04,High Transacting Categories,5462,Bakeries,240.61,3540.67
2025-04,High Transacting Categories,5912,Drug Stores And Pharmacies,239.03,9654.27
2025-04,High Transacting Categories,5451,Dairies,172.16,4354.63
2025-04,Medium Transacting Categories,4900,"Utilities Electric, Gas, Water And Sanitary",162.21,18060.74
2025-04,Medium Transacting Categories,7322,Debt Collection Agencies,135.74,80788.65
2025-04,Medium Transacting Categories,5921,"Package Shops Beer, Wine And Liquor",109.02,4681.52
2025-04,Medium Transacting Categories,5441,"Candy, Nut And Confectionery Shops",100.88,1814.70
2025-04,Medium Transacting Categories,9399,Government Services Not Elsewhere Classified,89.50,8932.49
2025-04,Medium Transacting Categories,5813,"Drinking Places (Alcoholic Beverages) Bars, Taverns, Night-Clubs, Cocktail Lounges And Discothques",88.04,3446.07
2025-04,Medium Transacting Categories,5422,Freezer And Locker Meat Provisioners,87.58,2892.29
2025-04,Medium Transacting Categories,5732,Electronics Shops,78.35,11034.98
2025-04,Medium Transacting Categories,5691,Mens And Womens Clothing Shops,77.90,10400.23
2025-04,Medium Transacting Categories,5262,Online Marketplaces,75.76,5170.52
2025-04,All Other Categories,7622,Electronics Repair Shops,71.92,2212.60
2025-04,All Other Categories,7230,Beauty And Barber Shops,71.68,2122.10
2025-04,All Other Categories,5137,"Mens, Womens And Childrens Uniforms And Commercial Clothing",70.21,7402.00
2025-04,All Other Categories,4112,Passenger Railways,68.46,3807.00
2025-04,All Other Categories,5412,Purchase Of Digital Gold,68.40,978.24
2025-04,All Other Categories,5311,Department Stores,64.10,4306.86
2025-04,All Other Categories,4121,Taxi-Cabs And Limousines,61.50,1173.21
2025-04,All Other Categories,5331,Variety Stores,60.50,3435.06
2025-04,All Other Categories,6211,Securities Brokers And Dealers,53.65,48902.82
2025-03,High Transacting Categories,5411,Groceries and supermarkets,2730.18,61999.70
2025-03,High Transacting Categories,5814,Fast food restaurants,1127.01,13740.91
2025-03,High Transacting Categories,5812,Eating places and restaurants,1059.15,17014.22
2025-03,High Transacting Categories,4814,"Telecommunication services, including local and long distance calls, credit card calls, calls through use of magnetic stripe reading telephones and faxes",896.41,20150.23
2025-03,High Transacting Categories,5541,Service stations (with or without ancillary services),551.45,32535.12
2025-03,High Transacting Categories,5816,Digital Goods: Games,425.95,11202.93
2025-03,High Transacting Categories,5993,Cigar shops and stands,268.96,1725.09
2025-03,High Transacting Categories,5912,Drug stores and pharmacies,254.87,10265.19
2025-03,High Transacting Categories,5462,Bakeries,244.59,3568.38
2025-03,High Transacting Categories,5451,Dairies,169.52,4298.47
2025-03,Medium Transacting Categories,4900,"Utilities electric, gas, water and sanitary",166.31,18590.12
2025-03,Medium Transacting Categories,7322,Debt collection agencies,139.49,88856.37
2025-03,Medium Transacting Categories,5921,"Package shops beer, wine and liquor",108.72,4877.55
2025-03,Medium Transacting Categories,5422,Freezer and locker meat provisioners,98.46,3305.09
2025-03,Medium Transacting Categories,5441,"Candy, nut and confectionery shops",97.95,1851.47
2025-03,Medium Transacting Categories,5813,"Drinking places (alcoholic beverages) bars, taverns, night-clubs, cocktail lounges and discothques",95.69,3823.52
2025-03,Medium Transacting Categories,9399,Government services not elsewhere classified,91.89,10134.63
2025-03,Medium Transacting Categories,5262,Online Marketplaces,80.73,5321.63
2025-03,Medium Transacting Categories,5691,Mens and womens clothing shops,78.82,10443.54
2025-03,Medium Transacting Categories,5732,Electronics shops,76.10,10028.83
2025-03,All Other Categories,5137,"Mens, womens and childrens uniforms and commercial clothing",73.80,7628.34
2025-03,All Other Categories,7230,Beauty and barber shops,73.33,2063.09
2025-03,All Other Categories,7622,Electronics repair shops,72.59,2219.90
2025-03,All Other Categories,4112,Passenger railways,69.01,3797.87
2025-03,All Other Categories,5311,Department stores,68.34,4532.07
2025-03,All Other Categories,5412,Purchase of digital gold,64.96,866.43
2025-03,All Other Categories,5331,Variety stores,63.83,3640.12
2025-03,All Other Categories,4121,Taxi-cabs and limousines,62.12,1216.14
2025-03,All Other Categories,5651,Family clothing shops,52.70,4906.57
2025-02,High Transacting Categories,5411,Groceries and supermarkets,2337.30,53191.68
2025-02,High Transacting Categories,5814,Fast food restaurants,1048.77,12706.77
2025-02,High Transacting Categories,5812,Eating places and restaurants,950.10,14811.62
2025-02,High Transacting Categories,4814,"Telecommunication services, including local and long distance calls, credit card calls, calls through use of magnetic stripe reading telephones and faxes",774.88,17922.78
2025-02,High Transacting Categories,5541,Service stations (with or without ancillary services),494.38,29937.81
2025-02,High Transacting Categories,5816,Digital Goods: Games,329.18,9819.53
2025-02,High Transacting Categories,5993,Cigar shops and stands,244.61,1509.33
2025-02,High Transacting Categories,5912,Drug stores and pharmacies,235.26,9137.81
2025-02,High Transacting Categories,5462,Bakeries,219.33,3183.22
2025-02,High Transacting Categories,4900,"Utilities electric, gas, water and sanitary",153.13,16368.03
2025-02,Medium Transacting Categories,5451,Dairies,137.96,3593.66
2025-02,Medium Transacting Categories,7322,Debt collection agencies,123.78,76001.18
2025-02,Medium Transacting Categories,5921,"Package shops beer, wine and liquor",91.13,3887.16
2025-02,Medium Transacting Categories,5813,"Drinking places (alcoholic beverages) bars, taverns, night-clubs, cocktail lounges and discothques",84.99,3222.43
2025-02,Medium Transacting Categories,5441,"Candy, nut and confectionery shops",81.34,1583.89
2025-02,Medium Transacting Categories,5422,Freezer and locker meat provisioners,80.67,2610.00
2025-02,Medium Transacting Categories,9399,Government services not elsewhere classified,76.08,7907.32
2025-02,Medium Transacting Categories,7230,Beauty and barber shops,66.56,1987.42
2025-02,Medium Transacting Categories,4112,Passenger railways,65.82,3460.95
2025-02,Medium Transacting Categories,5262,Online Marketplaces,63.81,4526.55
2025-02,All Other Categories,7622,Electronics repair shops,63.66,1927.79
2025-02,All Other Categories,5732,Electronics shops,61.64,8001.32
2025-02,All Other Categories,5691,Mens and womens clothing shops,60.92,8076.66
2025-02,All Other Categories,5137,"Mens, womens and childrens uniforms and commercial clothing",59.42,5889.72
2025-02,All Other Categories,5331,Variety stores,58.51,3266.88
2025-02,All Other Categories,4121,Taxi-cabs and limousines,56.22,1099.61
2025-02,All Other Categories,6211,Securities brokers and dealers,55.96,44593.96
2025-02,All Other Categories,5311,Department stores,55.02,3673.15
2025-02,All Other Categories,5412,Purchase of digital gold,53.13,813.93
2025-01,High Transacting Categories,5411,Groceries and supermarkets,2421.74,56040.86
2025-01,High Transacting Categories,5814,Fast food restaurants,1116.13,13324.51
2025-01,High Transacting Categories,5812,Eating places and restaurants,1004.01,16271.84
2025-01,High Transacting Categories,4814,"Telecommunication services, including local and long distance calls, credit card calls, calls through use of magnetic stripe reading telephones and faxes",827.32,19568.10
2025-01,High Transacting Categories,5541,Service stations (with or without ancillary services),510.96,30520.41
2025-01,High Transacting Categories,5816,Digital Goods: Games,321.59,10138.84
2025-01,High Transacting Categories,5993,Cigar shops and stands,258.97,1600.98
2025-01,High Transacting Categories,5912,Drug stores and pharmacies,246.13,9634.51
2025-01,High Transacting Categories,5462,Bakeries,231.41,3439.06
2025-01,High Transacting Categories,4900,"Utilities electric, gas, water and sanitary",161.92,17723.22
2025-01,Medium Transacting Categories,5451,Dairies,139.33,3662.14
2025-01,Medium Transacting Categories,7322,Debt collection agencies,128.18,75855.43
2025-01,Medium Transacting Categories,5422,Freezer and locker meat provisioners,93.36,3027.02
2025-01,Medium Transacting Categories,5921,"Package shops beer, wine and liquor",91.97,3928.91
2025-01,Medium Transacting Categories,5813,"Drinking places (alcoholic beverages) bars, taverns, night-clubs, cocktail lounges and discothques",88.33,3323.28
2025-01,Medium Transacting Categories,5441,"Candy, nut and confectionery shops",82.42,1622.92
2025-01,Medium Transacting Categories,9399,Government services not elsewhere classified,78.26,8306.26
2025-01,Medium Transacting Categories,5691,Mens and womens clothing shops,70.70,9055.62
2025-01,Medium Transacting Categories,5137,"Mens, womens and childrens uniforms and commercial clothing",70.44,6771.85
2025-01,Medium Transacting Categories,4112,Passenger railways,70.40,3523.29
2025-01,All Other Categories,6211,Securities brokers and dealers,69.67,63749.83
2025-01,All Other Categories,7230,Beauty and barber shops,67.94,1964.33
2025-01,All Other Categories,7622,Electronics repair shops,67.57,2041.08
2025-01,All Other Categories,5732,Electronics shops,67.55,8401.88
2025-01,All Other Categories,5262,Online Marketplaces,64.84,4964.60
2025-01,All Other Categories,5311,Department stores,61.74,4044.30
2025-01,All Other Categories,4121,Taxi-cabs and limousines,58.94,1184.44
2025-01,All Other Categories,5331,Variety stores,57.42,3359.23
2025-01,All Other Categories,5412,Purchase of digital gold,50.93,761.60
2024-12,High Transacting Categories,5411,Groceries and supermarkets,2382.60,56221.19
2024-12,High Transacting Categories,5814,Fast food restaurants,1118.70,13664.52
2024-12,High Transacting Categories,5812,Eating places and restaurants,992.78,16592.06
2024-12,High Transacting Categories,4814,"Telecommunication services, including local and long distance calls, credit card calls, calls through use of magnetic stripe reading telephones and faxes",800.77,19110.23
2024-12,High Transacting Categories,5541,Service stations (with or without ancillary services),506.46,30717.58
2024-12,High Transacting Categories,5816,Digital Goods: Games,282.52,9272.84
2024-12,High Transacting Categories,5993,Cigar shops and stands,252.00,1561.39
2024-12,High Transacting Categories,5912,Drug stores and pharmacies,241.63,9573.50
2024-12,High Transacting Categories,5462,Bakeries,234.15,3646.54
2024-12,High Transacting Categories,4900,"Utilities electric, gas, water and sanitary",151.34,18156.71
2024-12,Medium Transacting Categories,5451,Dairies,136.72,3616.78
2024-12,Medium Transacting Categories,7322,Debt collection agencies,119.33,72498.72
2024-12,Medium Transacting Categories,5921,"Package shops beer, wine and liquor",92.74,4044.77
2024-12,Medium Transacting Categories,5422,Freezer and locker meat provisioners,92.44,2995.46
2024-12,Medium Transacting Categories,5813,"Drinking places (alcoholic beverages) bars, taverns, night-clubs, cocktail lounges and discothques",92.39,3584.59
2024-12,Medium Transacting Categories,5441,"Candy, nut and confectionery shops",81.77,1606.04
2024-12,Medium Transacting Categories,5691,Mens and womens clothing shops,73.56,9385.21
2024-12,Medium Transacting Categories,5137,"Mens, womens and childrens uniforms and commercial clothing",72.91,7013.51
2024-12,Medium Transacting Categories,9399,Government services not elsewhere classified,71.05,7717.59
2024-12,Medium Transacting Categories,7622,Electronics repair shops,68.45,2106.12
2024-12,All Other Categories,4112,Passenger railways,67.77,3313.16
2024-12,All Other Categories,7230,Beauty and barber shops,67.70,2042.32
2024-12,All Other Categories,5732,Electronics shops,66.31,8083.42
2024-12,All Other Categories,6211,Securities brokers and dealers,66.00,54436.45
2024-12,All Other Categories,5262,Online Marketplaces,62.42,4848.69
2024-12,All Other Categories,4121,Taxi-cabs and limousines,57.81,1255.48
2024-12,All Other Categories,5311,Department stores,56.98,3985.59
2024-12,All Other Categories,5331,Variety stores,55.45,3261.84
2024-12,All Other Categories,7011,"Lodging hotels, motels and resorts",49.11,3901.93
2024-11,High Transacting Categories,5411,Groceries and supermarkets,2184.81,51777.65
2024-11,High Transacting Categories,5814,Fast food restaurants,1014.92,12425.19
2024-11,High Transacting Categories,5812,Eating places and restaurants,911.05,15303.29
2024-11,High Transacting Categories,4814,"Telecommunication services, including local and long distance calls, credit card calls, calls through use of magnetic stripe reading telephones and faxes",751.68,17493.22
2024-11,High Transacting Categories,5541,Service stations (with or without ancillary services),489.90,29856.68
2024-11,High Transacting Categories,5816,Digital Goods: Games,279.25,8883.18
2024-11,High Transacting Categories,5912,Drug stores and pharmacies,237.27,9269.28
2024-11,High Transacting Categories,5993,Cigar shops and stands,227.59,1417.14
2024-11,High Transacting Categories,5462,Bakeries,209.03,3135.49
2024-11,High Transacting Categories,4900,"Utilities electric, gas, water and sanitary",155.35,19397.02
2024-11,Medium Transacting Categories,5451,Dairies,126.75,3466.95
2024-11,Medium Transacting Categories,7322,Debt collection agencies,107.95,68979.14
2024-11,Medium Transacting Categories,5813,"Drinking places (alcoholic beverages) bars, taverns, night-clubs, cocktail lounges and discothques",85.15,3241.00
2024-11,Medium Transacting Categories,5921,"Package shops beer, wine and liquor",81.79,3471.46
2024-11,Medium Transacting Categories,5422,Freezer and locker meat provisioners,78.56,2530.09
2024-11,Medium Transacting Categories,5441,"Candy, nut and confectionery shops",76.93,1569.08
2024-11,Medium Transacting Categories,5137,"Mens, womens and childrens uniforms and commercial clothing",72.91,7343.25
2024-11,Medium Transacting Categories,5691,Mens and womens clothing shops,66.02,8743.58
2024-11,Medium Transacting Categories,4112,Passenger railways,64.80,3343.03
2024-11,Medium Transacting Categories,7622,Electronics repair shops,64.54,2053.90
2024-11,All Other Categories,6211,Securities brokers and dealers,63.94,51931.40
2024-11,All Other Categories,9399,Government services not elsewhere classified,62.60,6623.67
2024-11,All Other Categories,5732,Electronics shops,61.49,8090.52
2024-11,All Other Categories,7230,Beauty and barber shops,61.42,1928.54
2024-11,All Other Categories,5262,Online Marketplaces,56.12,4372.54
2024-11,All Other Categories,5311,Department stores,53.54,3925.50
2024-11,All Other Categories,4121,Taxi-cabs and limousines,53.43,1159.77
2024-11,All Other Categories,5331,Variety stores,52.55,3138.28
2024-11,All Other Categories,7011,"Lodging hotels, motels and resorts",45.23,3536.64
2024-10,High Transacting Categories,5411,Groceries and supermarkets,2366.12,58098.95
2024-10,High Transacting Categories,5814,Fast food restaurants,1075.16,13450.52
2024-10,High Transacting Categories,5812,Eating places and restaurants,968.95,16392.86
2024-10,High Transacting Categories,4814,"Telecommunication services, including local and long distance calls, credit card calls, calls through use of magnetic stripe reading telephones and faxes",774.98,17955.40
2024-10,High Transacting Categories,5541,Service stations (with or without ancillary services),509.39,29699.46
2024-10,High Transacting Categories,5816,Digital Goods: Games,289.82,9768.65
2024-10,High Transacting Categories,5912,Drug stores and pharmacies,244.70,9422.72
2024-10,High Transacting Categories,5993,Cigar shops and stands,244.04,1546.57
2024-10,High Transacting Categories,5462,Bakeries,221.89,3508.90
2024-10,High Transacting Categories,4900,"Utilities electric, gas, water and sanitary",172.12,20277.45
2024-10,Medium Transacting Categories,5451,Dairies,145.96,3766.47
2024-10,Medium Transacting Categories,7322,Debt collection agencies,112.55,73783.87
2024-10,Medium Transacting Categories,5441,"Candy, nut and confectionery shops",91.99,1942.28
2024-10,Medium Transacting Categories,5813,"Drinking places (alcoholic beverages) bars, taverns, night-clubs, cocktail lounges and discothques",88.83,3390.21
2024-10,Medium Transacting Categories,5137,"Mens, womens and childrens uniforms and commercial clothing",82.89,8489.14
2024-10,Medium Transacting Categories,5921,"Package shops beer, wine and liquor",79.52,3420.09
2024-10,Medium Transacting Categories,5262,Online Marketplaces,78.15,6563.69
2024-10,Medium Transacting Categories,6211,Securities brokers and dealers,76.88,79010.69
2024-10,Medium Transacting Categories,5422,Freezer and locker meat provisioners,75.84,2517.10
2024-10,Medium Transacting Categories,7622,Electronics repair shops,71.59,2308.65
2024-10,All Other Categories,5732,Electronics shops,71.42,9720.10
2024-10,All Other Categories,9399,Government services not elsewhere classified,70.72,6799.26
2024-10,All Other Categories,5691,Mens and womens clothing shops,70.56,9410.68
2024-10,All Other Categories,7230,Beauty and barber shops,68.95,2114.97
2024-10,All Other Categories,4112,Passenger railways,64.45,3329.04
2024-10,All Other Categories,5311,Department stores,57.40,4272.42
2024-10,All Other Categories,5331,Variety stores,56.50,3221.42
2024-10,All Other Categories,4121,Taxi-cabs and limousines,54.29,1173.04
2024-10,All Other Categories,5651,Family clothing shops,49.29,4809.43
2024-09,High Transacting Categories,5411,Groceries and supermarkets,2132.28,48518.73
2024-09,High Transacting Categories,5814,Fast food restaurants,991.40,11636.71
2024-09,High Transacting Categories,5812,Eating places and restaurants,886.69,14244.65
2024-09,High Transacting Categories,4814,"Telecommunication services, including local and long distance calls, credit card calls, calls through use of magnetic stripe reading telephones and faxes",760.54,17282.79
2024-09,High Transacting Categories,5541,Service stations (with or without ancillary services),461.46,25724.69
2024-09,High Transacting Categories,5816,Digital Goods: Games,264.47,9245.22
2024-09,High Transacting Categories,5912,Drug stores and pharmacies,235.82,9065.51
2024-09,High Transacting Categories,5462,Bakeries,207.96,2975.85
2024-09,High Transacting Categories,4900,"Utilities electric, gas, water and sanitary",162.57,19466.30
2024-09,High Transacting Categories,5993,Cigar shops and stands,134.64,860.02
2024-09,Medium Transacting Categories,5451,Dairies,134.47,3303.52
2024-09,Medium Transacting Categories,5311,Department stores,133.73,3834.56
2024-09,Medium Transacting Categories,7322,Debt collection agencies,103.64,66775.70
2024-09,Medium Transacting Categories,5813,"Drinking places (alcoholic beverages) bars, taverns, night-clubs, cocktail lounges and discothques",87.80,3295.43
2024-09,Medium Transacting Categories,5441,"Candy, nut and confectionery shops",80.97,1444.78
2024-09,Medium Transacting Categories,5422,Freezer and locker meat provisioners,75.00,2353.11
2024-09,Medium Transacting Categories,5921,"Package shops beer, wine and liquor",73.79,3070.56
2024-09,Medium Transacting Categories,5262,Online Marketplaces,67.03,6127.50
2024-09,Medium Transacting Categories,6211,Securities brokers and dealers,66.47,57662.80
2024-09,Medium Transacting Categories,7622,Electronics repair shops,64.39,1953.20
2024-09,All Other Categories,5732,Electronics shops,62.21,7937.08
2024-09,All Other Categories,9399,Government services not elsewhere classified,61.08,6307.81
2024-09,All Other Categories,7230,Beauty and barber shops,60.41,1706.80
2024-09,All Other Categories,5137,"Mens, womens and childrens uniforms and commercial clothing",59.16,5181.19
2024-09,All Other Categories,4112,Passenger railways,58.99,3063.22
2024-09,All Other Categories,5331,Variety stores,51.42,2669.84
2024-09,All Other Categories,5691,Mens and womens clothing shops,50.68,6384.23
2024-09,All Other Categories,4121,Taxi-cabs and limousines,50.04,1066.90
2024-09,All Other Categories,7011,"Lodging hotels, motels and resorts",43.00,3149.55
2024-08,High Transacting Categories,5411,Groceries and supermarkets,2092.74,48087.96
2024-08,High Transacting Categories,5814,Fast food restaurants,978.45,11828.04
2024-08,High Transacting Categories,5812,Eating places and restaurants,876.87,14335.67
2024-08,High Transacting Categories,4814,"Telecommunication services, including local and long distance calls, credit card calls, calls through use of magnetic stripe reading telephones and faxes",789.16,17227.51
2024-08,High Transacting Categories,5541,Service stations (with or without ancillary services),465.56,26071.81
2024-08,High Transacting Categories,5816,Digital Goods: Games,303.43,11615.28
2024-08,High Transacting Categories,5912,Drug stores and pharmacies,233.63,8988.46
2024-08,High Transacting Categories,5462,Bakeries,210.41,3040.91
2024-08,High Transacting Categories,5311,Department stores,193.63,4280.34
2024-08,High Transacting Categories,4900,"Utilities electric, gas, water and sanitary",157.55,19755.59
2024-08,Medium Transacting Categories,5451,Dairies,134.37,3397.57
2024-08,Medium Transacting Categories,7322,Debt collection agencies,104.67,69345.64
2024-08,Medium Transacting Categories,5813,"Drinking places (alcoholic beverages) bars, taverns, night-clubs, cocktail lounges and discothques",85.81,3211.66
2024-08,Medium Transacting Categories,5441,"Candy, nut and confectionery shops",83.68,1570.31
2024-08,Medium Transacting Categories,5993,Cigar shops and stands,70.30,519.06
2024-08,Medium Transacting Categories,5921,"Package shops beer, wine and liquor",70.28,2943.19
2024-08,Medium Transacting Categories,6211,Securities brokers and dealers,66.98,58716.46
2024-08,Medium Transacting Categories,7622,Electronics repair shops,65.57,2006.51
2024-08,Medium Transacting Categories,5422,Freezer and locker meat provisioners,65.01,2025.67
2024-08,Medium Transacting Categories,5732,Electronics shops,63.30,7990.94
2024-08,All Other Categories,5137,"Mens, womens and childrens uniforms and commercial clothing",61.97,5433.08
2024-08,All Other Categories,5262,Online Marketplaces,60.20,5060.58
2024-08,All Other Categories,7230,Beauty and barber shops,59.38,1766.33
2024-08,All Other Categories,9399,Government services not elsewhere classified,58.92,6273.05
2024-08,All Other Categories,4112,Passenger railways,58.74,3164.91
2024-08,All Other Categories,5331,Variety stores,49.52,2570.90
2024-08,All Other Categories,5691,Mens and womens clothing shops,47.59,5806.14
2024-08,All Other Categories,4121,Taxi-cabs and limousines,47.25,1041.79
2024-08,All Other Categories,7011,"Lodging hotels, motels and resorts",42.02,3110.02
2024-07,High Transacting Categories,5411,Groceries and supermarkets,1957.33,45998.27
2024-07,High Transacting Categories,5814,Fast food restaurants,927.39,11237.77
2024-07,High Transacting Categories,5812,Eating places and restaurants,816.06,13050.80
2024-07,High Transacting Categories,4814,"Telecommunication services, including local and long distance calls, credit card calls, calls through use of magnetic stripe reading telephones and faxes",769.28,17373.49
2024-07,High Transacting Categories,5541,Service stations (with or without ancillary services),447.69,26389.25
2024-07,High Transacting Categories,5816,Digital Goods: Games,363.28,13693.28
2024-07,High Transacting Categories,5912,Drug stores and pharmacies,215.93,8380.91
2024-07,High Transacting Categories,5462,Bakeries,196.34,2776.43
2024-07,High Transacting Categories,5311,Department stores,181.52,3941.66
2024-07,High Transacting Categories,4900,"Utilities electric, gas, water and sanitary",152.03,20875.43
2024-07,Medium Transacting Categories,5451,Dairies,126.64,2996.73
2024-07,Medium Transacting Categories,7322,Debt collection agencies,106.87,76285.03
2024-07,Medium Transacting Categories,5813,"Drinking places (alcoholic beverages) bars, taverns, night-clubs, cocktail lounges and discothques",84.36,3167.07
2024-07,Medium Transacting Categories,5441,"Candy, nut and confectionery shops",76.69,1328.03
2024-07,Medium Transacting Categories,6211,Securities brokers and dealers,70.83,73841.65
2024-07,Medium Transacting Categories,5422,Freezer and locker meat provisioners,69.27,2216.40
2024-07,Medium Transacting Categories,5921,"Package shops beer, wine and liquor",68.48,2843.87
2024-07,Medium Transacting Categories,5993,Cigar shops and stands,66.38,493.56
2024-07,Medium Transacting Categories,5262,Online Marketplaces,65.63,6326.63
2024-07,Medium Transacting Categories,7622,Electronics repair shops,64.70,2060.64
2024-07,All Other Categories,9399,Government services not elsewhere classified,61.21,8595.49
2024-07,All Other Categories,5732,Electronics shops,57.34,7664.93
2024-07,All Other Categories,7230,Beauty and barber shops,55.50,1644.13
2024-07,All Other Categories,5137,"Mens, womens and childrens uniforms and commercial clothing",54.34,4749.98
2024-07,All Other Categories,4112,Passenger railways,53.97,3343.85
2024-07,All Other Categories,5331,Variety stores,47.96,2572.62
2024-07,All Other Categories,4121,Taxi-cabs and limousines,44.65,985.09
2024-07,All Other Categories,5691,Mens and womens clothing shops,41.66,4898.23
2024-07,All Other Categories,4812,Telecommunication equipment and telephone sales,40.22,3222.98
2024-06,High Transacting Categories,5411,Groceries and supermarkets,1909.32,46060.73
2024-06,High Transacting Categories,5814,Fast food restaurants,896.28,11306.93
2024-06,High Transacting Categories,5812,Eating places and restaurants,786.33,13059.11
2024-06,High Transacting Categories,4814,"Telecommunication services, including local and long distance calls, credit card calls, calls through use of magnetic stripe reading telephones and faxes",749.31,15298.13
2024-06,High Transacting Categories,5541,Service stations (with or without ancillary services),427.70,26727.97
2024-06,High Transacting Categories,5816,Digital Goods: Games,352.07,12540.62
2024-06,High Transacting Categories,5912,Drug stores and pharmacies,190.91,7531.52
2024-06,High Transacting Categories,5462,Bakeries,189.54,2711.38
2024-06,High Transacting Categories,5311,Department stores,171.39,3964.18
2024-06,High Transacting Categories,4900,"Utilities electric, gas, water and sanitary",147.89,19381.05
2024-06,Medium Transacting Categories,5451,Dairies,127.97,2791.75
2024-06,Medium Transacting Categories,7322,Debt collection agencies,97.03,68244.64
2024-06,Medium Transacting Categories,5813,"Drinking places (alcoholic beverages) bars, taverns, night-clubs, cocktail lounges and discothques",84.09,3256.26
2024-06,Medium Transacting Categories,5441,"Candy, nut and confectionery shops",78.15,1306.73
2024-06,Medium Transacting Categories,5422,Freezer and locker meat provisioners,70.28,2385.38
2024-06,Medium Transacting Categories,5921,"Package shops beer, wine and liquor",67.38,2892.88
2024-06,Medium Transacting Categories,7622,Electronics repair shops,64.62,2111.92
2024-06,Medium Transacting Categories,5993,Cigar shops and stands,63.21,475.57
2024-06,Medium Transacting Categories,6211,Securities brokers and dealers,60.15,61064.27
2024-06,Medium Transacting Categories,5262,Online Marketplaces,57.23,5167.03
2024-06,All Other Categories,5137,"Mens, womens and childrens uniforms and commercial clothing",57.23,5063.20
2024-06,All Other Categories,5732,Electronics shops,55.52,8009.80
2024-06,All Other Categories,7230,Beauty and barber shops,54.63,1565.27
2024-06,All Other Categories,4112,Passenger railways,49.72,2955.02
2024-06,All Other Categories,9399,Government services not elsewhere classified,49.31,5653.35
2024-06,All Other Categories,5331,Variety stores,47.36,2649.79
2024-06,All Other Categories,4121,Taxi-cabs and limousines,42.09,994.54
2024-06,All Other Categories,6012,Financial institutions merchandise and services,41.31,17064.97
2024-06,All Other Categories,5691,Mens and womens clothing shops,40.97,4819.00
2024-05,High Transacting Categories,5411,Groceries and supermarkets,2023.71,47666.52
2024-05,High Transacting Categories,5814,Fast food restaurants,903.65,11510.31
2024-05,High Transacting Categories,5812,Eating places and restaurants,814.99,13900.27
2024-05,High Transacting Categories,4814,"Telecommunication services, including local and long distance calls, credit card calls, calls through use of magnetic stripe reading telephones and faxes",636.31,15212.72
2024-05,High Transacting Categories,5541,Service stations (with or without ancillary services),415.07,26596.96
2024-05,High Transacting Categories,5816,Digital Goods: Games,379.21,12727.25
2024-05,High Transacting Categories,5462,Bakeries,190.12,2711.74
2024-05,High Transacting Categories,5912,Drug stores and pharmacies,188.12,7569.49
2024-05,High Transacting Categories,5311,Department stores,174.11,4028.13
2024-05,High Transacting Categories,4900,"Utilities electric, gas, water and sanitary",133.70,15981.30
2024-05,Medium Transacting Categories,5451,Dairies,133.57,2890.45
2024-05,Medium Transacting Categories,7322,Debt collection agencies,95.29,66071.50
2024-05,Medium Transacting Categories,5813,"Drinking places (alcoholic beverages) bars, taverns, night-clubs, cocktail lounges and discothques",83.12,3270.98
2024-05,Medium Transacting Categories,5441,"Candy, nut and confectionery shops",80.56,1294.48
2024-05,Medium Transacting Categories,5422,Freezer and locker meat provisioners,67.11,2288.59
2024-05,Medium Transacting Categories,7622,Electronics repair shops,66.96,2213.79
2024-05,Medium Transacting Categories,4812,Telecommunication equipment and telephone sales,65.56,3716.29
2024-05,Medium Transacting Categories,5921,"Package shops beer, wine and liquor",64.47,2821.94
2024-05,Medium Transacting Categories,4899,Cable and other pay television services,63.80,1622.35
2024-05,Medium Transacting Categories,5993,Cigar shops and stands,62.57,471.70
2024-05,All Other Categories,5262,Online Marketplaces,58.37,5262.53
2024-05,All Other Categories,5732,Electronics shops,57.98,9123.39
2024-05,All Other Categories,5137,"Mens, womens and childrens uniforms and commercial clothing",55.43,5086.56
2024-05,All Other Categories,6211,Securities brokers and dealers,54.54,53248.50
2024-05,All Other Categories,7230,Beauty and barber shops,53.61,1570.15
2024-05,All Other Categories,9399,Government services not elsewhere classified,51.88,5532.61
2024-05,All Other Categories,4112,Passenger railways,49.23,2941.98
2024-05,All Other Categories,5331,Variety stores,45.74,2630.95
2024-05,All Other Categories,6012,Financial institutions merchandise and services,44.29,17618.46
2024-04,High Transacting Categories,5411,Groceries and supermarkets,1880.41,46114.78
2024-04,High Transacting Categories,5814,Fast food restaurants,814.23,10437.20
2024-04,High Transacting Categories,5812,Eating places and restaurants,730.27,11861.15
2024-04,High Transacting Categories,4814,"Telecommunication services, including local and long distance calls, credit card calls, calls through use of magnetic stripe reading telephones and faxes",659.26,15115.80
2024-04,High Transacting Categories,5816,Digital Goods: Games,464.10,12641.19
2024-04,High Transacting Categories,5541,Service stations (with or without ancillary services),391.99,24997.65
2024-04,High Transacting Categories,5912,Drug stores and pharmacies,179.10,6972.03
2024-04,High Transacting Categories,5462,Bakeries,175.43,2463.67
2024-04,High Transacting Categories,5311,Department stores,164.50,4077.42
2024-04,High Transacting Categories,5993,Cigar shops and stands,58.26,449.00
2024-04,Medium Transacting Categories,5451,Dairies,122.01,2712.32
2024-04,Medium Transacting Categories,4900,"Utilities electric, gas, water and sanitary",114.33,11861.27
2024-04,Medium Transacting Categories,7322,Debt collection agencies,88.05,64239.88
2024-04,Medium Transacting Categories,5813,"Drinking places (alcoholic beverages) bars, taverns, night-clubs, cocktail lounges and discothques",75.55,2939.38
2024-04,Medium Transacting Categories,5441,"Candy, nut and confectionery shops",73.39,1209.99
2024-04,Medium Transacting Categories,5921,"Package shops beer, wine and liquor",57.55,2424.71
2024-04,Medium Transacting Categories,5422,Freezer and locker meat provisioners,56.72,1969.32
2024-04,Medium Transacting Categories,9399,Government services not elsewhere classified,47.88,5626.48
2024-04,Medium Transacting Categories,5262,Online Marketplaces,47.45,4350.36
2024-04,Medium Transacting Categories,5412,Purchase of digital gold,20.92,550.12
2024-04,All Other Categories,7622,Electronics repair shops,62.98,2092.05
2024-04,All Other Categories,5137,"Mens, womens and childrens uniforms and commercial clothing",58.46,6115.12
2024-04,All Other Categories,5732,Electronics shops,52.66,8100.83
2024-04,All Other Categories,7230,Beauty and barber shops,51.03,1553.36
2024-04,All Other Categories,4112,Passenger railways,46.58,2682.00
2024-04,All Other Categories,5691,Mens and womens clothing shops,44.66,5810.00
2024-04,All Other Categories,5331,Variety stores,41.15,2435.99
2024-04,All Other Categories,5651,Family clothing shops,40.19,3611.32
2024-04,All Other Categories,4121,Taxi-cabs and limousines,29.49,765.41
2024-03,High Transacting Categories,5411,Groceries and supermarkets,1799.43,44040.04
2024-03,High Transacting Categories,5814,Fast food restaurants,820.41,10186.11
2024-03,High Transacting Categories,5812,Eating places and restaurants,737.41,12171.30
2024-03,High Transacting Categories,4814,"Telecommunication services, including local and long distance calls, credit card calls, calls through use of magnetic stripe reading telephones and faxes",673.68,16198.22
2024-03,High Transacting Categories,5541,Service stations (with or without ancillary services),388.32,24405.35
2024-03,High Transacting Categories,5816,Digital Goods: Games,364.59,11151.01
2024-03,High Transacting Categories,5311,Department stores,242.81,5527.52
2024-03,High Transacting Categories,5912,Drug stores and pharmacies,189.75,7254.61
2024-03,High Transacting Categories,5462,Bakeries,175.93,2490.28
2024-03,High Transacting Categories,4900,"Utilities electric, gas, water and sanitary",117.00,11084.55
2024-03,Medium Transacting Categories,5451,Dairies,116.55,2579.54
2024-03,Medium Transacting Categories,7322,Debt collection agencies,85.87,67179.02
2024-03,Medium Transacting Categories,5813,"Drinking places (alcoholic beverages) bars, taverns, night-clubs, cocktail lounges and discothques",84.06,3268.55
2024-03,Medium Transacting Categories,5441,"Candy, nut and confectionery shops",71.52,1237.81
2024-03,Medium Transacting Categories,7622,Electronics repair shops,66.17,2068.78
2024-03,Medium Transacting Categories,5422,Freezer and locker meat provisioners,64.88,2091.93
2024-03,Medium Transacting Categories,5921,"Package shops beer, wine and liquor",59.77,2554.26
2024-03,Medium Transacting Categories,5993,Cigar shops and stands,59.03,440.55
2024-03,Medium Transacting Categories,5137,"Mens, womens and childrens uniforms and commercial clothing",53.66,5576.78
2024-03,Medium Transacting Categories,5732,Electronics shops,53.12,6857.05
2024-03,All Other Categories,5399,Miscellaneous general merchandise,52.11,4601.65
2024-03,All Other Categories,7230,Beauty and barber shops,51.37,1506.84
2024-03,All Other Categories,6012,Financial institutions merchandise and services,50.65,18843.85
2024-03,All Other Categories,9399,Government services not elsewhere classified,49.59,6064.45
2024-03,All Other Categories,4112,Passenger railways,46.83,2642.35
2024-03,All Other Categories,6211,Securities brokers and dealers,45.58,38703.88
2024-03,All Other Categories,5331,Variety stores,41.03,2321.55
2024-03,All Other Categories,5691,Mens and womens clothing shops,40.58,5382.39
2024-03,All Other Categories,4812,Telecommunication equipment and telephone sales,40.46,2984.11
2024-02,High Transacting Categories,5411,Groceries and supermarkets,1440.35,36600.03
2024-02,High Transacting Categories,5814,Fast food restaurants,743.17,8939.06
2024-02,High Transacting Categories,5812,Eating places and restaurants,691.44,11156.54
2024-02,High Transacting Categories,4814,"Telecommunication services, including local and long distance calls, credit card calls, calls through use of magnetic stripe reading telephones and faxes",582.26,13423.86
2024-02,High Transacting Categories,5541,Service stations (with or without ancillary services),347.94,22160.43
2024-02,High Transacting Categories,5311,Department stores,330.55,7205.34
2024-02,High Transacting Categories,5816,Digital Goods: Games,259.61,9341.91
2024-02,High Transacting Categories,5912,Drug stores and pharmacies,180.55,6723.39
2024-02,High Transacting Categories,5462,Bakeries,156.75,2201.03
2024-02,High Transacting Categories,4900,"Utilities electric, gas, water and sanitary",109.52,10481.38
2024-02,Medium Transacting Categories,5451,Dairies,95.15,2200.87
2024-02,Medium Transacting Categories,6540,Debit card to wallet credit (Wallet top up),76.99,4618.70
2024-02,Medium Transacting Categories,5813,"Drinking places (alcoholic beverages) bars, taverns, night-clubs, cocktail lounges and discothques",76.15,2845.30
2024-02,Medium Transacting Categories,7322,Debt collection agencies,74.44,60929.84
2024-02,Medium Transacting Categories,7622,Electronics repair shops,63.30,1917.23
2024-02,Medium Transacting Categories,5441,"Candy, nut and confectionery shops",58.27,1050.99
2024-02,Medium Transacting Categories,5422,Freezer and locker meat provisioners,56.10,1768.20
2024-02,Medium Transacting Categories,6211,Securities brokers and dealers,54.73,50384.11
2024-02,Medium Transacting Categories,5993,Cigar shops and stands,52.14,383.97
2024-02,Medium Transacting Categories,5732,Electronics shops,49.44,5866.02
2024-02,All Other Categories,5921,"Package shops beer, wine and liquor",48.57,2030.94
2024-02,All Other Categories,7230,Beauty and barber shops,47.96,1466.61
2024-02,All Other Categories,5137,"Mens, womens and childrens uniforms and commercial clothing",47.93,4895.21
2024-02,All Other Categories,5399,Miscellaneous general merchandise,46.74,4422.29
2024-02,All Other Categories,9399,Government services not elsewhere classified,45.51,4940.90
2024-02,All Other Categories,6012,Financial institutions merchandise and services,42.44,16688.53
2024-02,All Other Categories,4112,Passenger railways,42.15,2370.86
2024-02,All Other Categories,4812,Telecommunication equipment and telephone sales,38.62,2791.45
2024-02,All Other Categories,5331,Variety stores,33.75,1952.01
2024-01,High Transacting Categories,5411,Groceries and supermarkets,1480.21,38445.30
2024-01,High Transacting Categories,5814,Fast food restaurants,701.14,8761.88
2024-01,High Transacting Categories,5812,Eating places and restaurants,694.81,11761.04
2024-01,High Transacting Categories,4814,"Telecommunication services, including local and long distance calls, credit card calls, calls through use of magnetic stripe reading telephones and faxes",613.87,14435.34
2024-01,High Transacting Categories,5541,Service stations (with or without ancillary services),337.69,21988.27
2024-01,High Transacting Categories,5311,Department stores,335.56,7136.98
2024-01,High Transacting Categories,5816,Digital Goods: Games,294.54,9634.28
2024-01,High Transacting Categories,5912,Drug stores and pharmacies,176.21,6648.95
2024-01,High Transacting Categories,5462,Bakeries,152.35,2220.59
2024-01,High Transacting Categories,4900,"Utilities electric, gas, water and sanitary",106.31,10140.11
2024-01,Medium Transacting Categories,5451,Dairies,88.70,2030.76
2024-01,Medium Transacting Categories,6540,Debit card to wallet credit (Wallet top up),85.79,5622.90
2024-01,Medium Transacting Categories,7299,Miscellaneous personal services not elsewhere classified,83.30,2677.88
2024-01,Medium Transacting Categories,5499,Miscellaneous food shops convenience and speciality retail outlets,78.96,3173.55
2024-01,Medium Transacting Categories,5813,"Drinking places (alcoholic beverages) bars, taverns, night-clubs, cocktail lounges and discothques",76.62,2903.74
2024-01,Medium Transacting Categories,7322,Debt collection agencies,74.28,60916.27
2024-01,Medium Transacting Categories,6211,Securities brokers and dealers,58.64,62812.48
2024-01,Medium Transacting Categories,5422,Freezer and locker meat provisioners,57.38,1808.70
2024-01,Medium Transacting Categories,5137,"Mens, womens and childrens uniforms and commercial clothing",56.59,5782.09
2024-01,Medium Transacting Categories,5441,"Candy, nut and confectionery shops",53.41,1010.06
2024-01,All Other Categories,5732,Electronics shops,50.02,5711.27
2024-01,All Other Categories,6012,Financial institutions merchandise and services,49.76,16448.32
2024-01,All Other Categories,9399,Government services not elsewhere classified,46.84,5162.98
2024-01,All Other Categories,7230,Beauty and barber shops,44.87,1343.90
2024-01,All Other Categories,5399,Miscellaneous general merchandise,43.43,4228.39
2024-01,All Other Categories,5921,"Package shops beer, wine and liquor",43.28,1853.47
2024-01,All Other Categories,4112,Passenger railways,37.13,2126.07
2024-01,All Other Categories,5691,Mens and womens clothing shops,34.84,4380.93
2024-01,All Other Categories,5943,"Stationery, office and school supply shops",34.24,942.15
2023-12,High Transacting Categories,5411,Groceries and supermarkets,1424.63,37752.00
2023-12,High Transacting Categories,5812,Eating places and restaurants,698.13,12030.42
2023-12,High Transacting Categories,5814,Fast food restaurants,653.35,8127.68
2023-12,High Transacting Categories,4814,"Telecommunication services, including local and long distance calls, credit card calls, calls through use of magnetic stripe reading telephones and faxes",600.93,14268.65
2023-12,High Transacting Categories,5541,Service stations (with or without ancillary services),344.29,22251.43
2023-12,High Transacting Categories,5311,Department stores,326.53,7046.58
2023-12,High Transacting Categories,5816,Digital Goods: Games,287.00,9193.30
2023-12,High Transacting Categories,5912,Drug stores and pharmacies,177.32,6703.23
2023-12,High Transacting Categories,5462,Bakeries,154.90,2385.90
2023-12,High Transacting Categories,4900,"Utilities electric, gas, water and sanitary",96.24,10077.12
2023-12,Medium Transacting Categories,6540,Debit card to wallet credit (Wallet top up),90.97,5931.84
2023-12,Medium Transacting Categories,5451,Dairies,86.85,1972.87
2023-12,Medium Transacting Categories,7299,Miscellaneous personal services not elsewhere classified,85.48,2764.63
2023-12,Medium Transacting Categories,5813,"Drinking places (alcoholic beverages) bars, taverns, night-clubs, cocktail lounges and discothques",85.22,3303.45
2023-12,Medium Transacting Categories,7322,Debt collection agencies,71.57,59869.88
2023-12,Medium Transacting Categories,5137,"Mens, womens and childrens uniforms and commercial clothing",58.10,5963.70
2023-12,Medium Transacting Categories,6012,Financial institutions merchandise and services,58.04,16412.51
2023-12,Medium Transacting Categories,5422,Freezer and locker meat provisioners,56.92,1806.09
2023-12,Medium Transacting Categories,5441,"Candy, nut and confectionery shops",50.80,1035.22
2023-12,Medium Transacting Categories,5732,Electronics shops,49.16,5559.82
2023-12,All Other Categories,5499,Miscellaneous food shops convenience and speciality retail outlets,46.87,1926.47
2023-12,All Other Categories,7230,Beauty and barber shops,45.64,1435.11
2023-12,All Other Categories,9399,Government services not elsewhere classified,43.82,4983.27
2023-12,All Other Categories,6211,Securities brokers and dealers,42.68,38997.04
2023-12,All Other Categories,5921,"Package shops beer, wine and liquor",41.24,1772.32
2023-12,All Other Categories,5399,Miscellaneous general merchandise,38.08,3892.49
2023-12,All Other Categories,7399,Business services not elsewhere classified,36.74,4399.86
2023-12,All Other Categories,5691,Mens and womens clothing shops,36.63,4706.87
2023-12,All Other Categories,5943,"Stationery, office and school supply shops",34.07,960.13
2023-11,High Transacting Categories,5411,Groceries and supermarkets,1267.00,36180.22
2023-11,High Transacting Categories,5812,Eating places and restaurants,647.84,11832.39
2023-11,High Transacting Categories,5814,Fast food restaurants,564.41,7222.90
2023-11,High Transacting Categories,4814,"Telecommunication services, including local and long distance calls, credit card calls, calls through use of magnetic stripe reading telephones and faxes",549.29,12456.25
2023-11,High Transacting Categories,5311,Department stores,380.46,8755.82
2023-11,High Transacting Categories,5541,Service stations (with or without ancillary services),326.19,20710.18
2023-11,High Transacting Categories,5816,Digital Goods: Games,289.47,8486.20
2023-11,High Transacting Categories,5912,Drug stores and pharmacies,166.91,6397.46
2023-11,High Transacting Categories,5462,Bakeries,139.54,2199.23
2023-11,High Transacting Categories,4900,"Utilities electric, gas, water and sanitary",94.20,11143.81
2023-11,Medium Transacting Categories,5813,"Drinking places (alcoholic beverages) bars, taverns, night-clubs, cocktail lounges and discothques",92.10,3443.69
2023-11,Medium Transacting Categories,7299,Miscellaneous personal services not elsewhere classified,82.85,3026.75
2023-11,Medium Transacting Categories,5451,Dairies,79.99,1934.91
2023-11,Medium Transacting Categories,7322,Debt collection agencies,69.22,58929.16
2023-11,Medium Transacting Categories,6540,Debit card to wallet credit (Wallet top up),68.05,5217.95
2023-11,Medium Transacting Categories,6012,Financial institutions merchandise and services,64.87,14744.90
2023-11,Medium Transacting Categories,5137,"Mens, womens and childrens uniforms and commercial clothing",63.26,7348.08
2023-11,Medium Transacting Categories,5441,"Candy, nut and confectionery shops",48.36,1129.79
2023-11,Medium Transacting Categories,5732,Electronics shops,48.17,6224.73
2023-11,Medium Transacting Categories,5422,Freezer and locker meat provisioners,46.66,1490.06
2023-11,All Other Categories,5993,Cigar shops and stands,43.35,351.69
2023-11,All Other Categories,7230,Beauty and barber shops,42.26,1365.75
2023-11,All Other Categories,5399,Miscellaneous general merchandise,38.07,4199.51
2023-11,All Other Categories,5691,Mens and womens clothing shops,35.47,4914.66
2023-11,All Other Categories,9399,Government services not elsewhere classified,34.79,4016.81
2023-11,All Other Categories,6211,Securities brokers and dealers,34.76,30154.85
2023-11,All Other Categories,5722,Household appliance shops,33.67,3653.18
2023-11,All Other Categories,5651,Family clothing shops,33.33,2926.50
2023-11,All Other Categories,5921,"Package shops beer, wine and liquor",32.33,1355.61
2023-10,High Transacting Categories,5411,Groceries and supermarkets,1288.51,34201.73
2023-10,High Transacting Categories,5812,Eating places and restaurants,818.40,12897.01
2023-10,High Transacting Categories,4814,"Telecommunication services, including local and long distance calls, credit card calls, calls through use of magnetic stripe reading telephones and faxes",536.62,12031.65
2023-10,High Transacting Categories,5814,Fast food restaurants,444.47,5570.60
2023-10,High Transacting Categories,5311,Department stores,437.65,9363.45
2023-10,High Transacting Categories,5541,Service stations (with or without ancillary services),327.17,20242.04
2023-10,High Transacting Categories,5816,Digital Goods: Games,283.45,8451.03
2023-10,High Transacting Categories,5912,Drug stores and pharmacies,178.38,6618.67
2023-10,High Transacting Categories,5462,Bakeries,144.49,2069.01
2023-10,High Transacting Categories,4900,"Utilities electric, gas, water and sanitary",95.76,11949.30
2023-10,Medium Transacting Categories,5813,"Drinking places (alcoholic beverages) bars, taverns, night-clubs, cocktail lounges and discothques",92.27,3392.74
2023-10,Medium Transacting Categories,5451,Dairies,91.81,1897.50
2023-10,Medium Transacting Categories,7299,Miscellaneous personal services not elsewhere classified,85.89,2901.13
2023-10,Medium Transacting Categories,7322,Debt collection agencies,70.01,58951.17
2023-10,Medium Transacting Categories,6012,Financial institutions merchandise and services,66.30,14937.85
2023-10,Medium Transacting Categories,6540,Debit card to wallet credit (Wallet top up),60.72,5054.93
2023-10,Medium Transacting Categories,5137,"Mens, womens and childrens uniforms and commercial clothing",53.03,5634.86
2023-10,Medium Transacting Categories,5441,"Candy, nut and confectionery shops",50.11,916.94
2023-10,Medium Transacting Categories,5732,Electronics shops,46.97,5647.12
2023-10,Medium Transacting Categories,5422,Freezer and locker meat provisioners,46.69,1533.05
2023-10,All Other Categories,5993,Cigar shops and stands,45.25,351.31
2023-10,All Other Categories,7230,Beauty and barber shops,42.08,1291.90
2023-10,All Other Categories,5399,Miscellaneous general merchandise,40.15,4203.38
2023-10,All Other Categories,5722,Household appliance shops,40.15,4208.25
2023-10,All Other Categories,6211,Securities brokers and dealers,37.10,35766.63
2023-10,All Other Categories,5262,Online Marketplaces,36.80,4096.47
2023-10,All Other Categories,9399,Government services not elsewhere classified,33.78,3990.93
2023-10,All Other Categories,4121,Taxi-cabs and limousines,33.54,752.67
2023-10,All Other Categories,4214,"Motor freight carriers and trucking local and long distance, moving and storage companies and local delivery",33.42,3055.49
2023-09,High Transacting Categories,5411,Groceries and supermarkets,1189.43,31925.30
2023-09,High Transacting Categories,5812,Eating places and restaurants,758.52,12013.83
2023-09,High Transacting Categories,4814,"Telecommunication services, including local and long distance calls, credit card calls, calls through use of magnetic stripe reading telephones and faxes",536.60,11858.05
2023-09,High Transacting Categories,5814,Fast food restaurants,399.05,5024.60
2023-09,High Transacting Categories,5311,Department stores,391.83,7620.06
2023-09,High Transacting Categories,5541,Service stations (with or without ancillary services),303.45,18058.36
2023-09,High Transacting Categories,5816,Digital Goods: Games,254.64,9061.02
2023-09,High Transacting Categories,5912,Drug stores and pharmacies,164.84,6236.44
2023-09,High Transacting Categories,5462,Bakeries,134.99,1931.35
2023-09,High Transacting Categories,4900,"Utilities electric, gas, water and sanitary",88.93,11262.20
2023-09,Medium Transacting Categories,5813,"Drinking places (alcoholic beverages) bars, taverns, night-clubs, cocktail lounges and discothques",88.56,3255.55
2023-09,Medium Transacting Categories,5451,Dairies,84.11,1722.63
2023-09,Medium Transacting Categories,7299,Miscellaneous personal services not elsewhere classified,77.95,2634.03
2023-09,Medium Transacting Categories,6540,Debit card to wallet credit (Wallet top up),68.79,5270.40
2023-09,Medium Transacting Categories,7322,Debt collection agencies,67.42,55046.90
2023-09,Medium Transacting Categories,6012,Financial institutions merchandise and services,62.50,14768.79
2023-09,Medium Transacting Categories,5441,"Candy, nut and confectionery shops",44.94,810.80
2023-09,Medium Transacting Categories,5137,"Mens, womens and childrens uniforms and commercial clothing",42.94,4201.22
2023-09,Medium Transacting Categories,5993,Cigar shops and stands,42.76,326.22
2023-09,Medium Transacting Categories,5422,Freezer and locker meat provisioners,41.86,1350.52
2023-09,All Other Categories,5732,Electronics shops,41.01,4889.66
2023-09,All Other Categories,5399,Miscellaneous general merchandise,40.39,4019.20
2023-09,All Other Categories,7230,Beauty and barber shops,37.73,1100.37
2023-09,All Other Categories,6211,Securities brokers and dealers,36.51,31775.43
2023-09,All Other Categories,9399,Government services not elsewhere classified,33.50,4098.66
2023-09,All Other Categories,5722,Household appliance shops,33.34,3109.94
2023-09,All Other Categories,4121,Taxi-cabs and limousines,31.32,700.91
2023-09,All Other Categories,5943,"Stationery, office and school supply shops",30.15,891.12
2023-09,All Other Categories,4899,Cable and other pay television services,27.86,1180.96
2023-08,High Transacting Categories,5411,Groceries and supermarkets,1189.24,32386.44
2023-08,High Transacting Categories,5812,Eating places and restaurants,760.64,12217.60
2023-08,High Transacting Categories,4814,"Telecommunication services, including local and long distance calls, credit card calls, calls through use of magnetic stripe reading telephones and faxes",541.23,11579.79
2023-08,High Transacting Categories,5814,Fast food restaurants,400.27,5071.20
2023-08,High Transacting Categories,5311,Department stores,381.99,7619.69
2023-08,High Transacting Categories,5541,Service stations (with or without ancillary services),303.64,18309.84
2023-08,High Transacting Categories,5816,Digital Goods: Games,241.73,8970.19
2023-08,High Transacting Categories,5912,Drug stores and pharmacies,165.90,6104.89
2023-08,High Transacting Categories,5462,Bakeries,138.79,2013.94
2023-08,High Transacting Categories,4900,"Utilities electric, gas, water and sanitary",90.80,11660.11
2023-08,Medium Transacting Categories,5813,"Drinking places (alcoholic beverages) bars, taverns, night-clubs, cocktail lounges and discothques",88.77,3235.33
2023-08,Medium Transacting Categories,5451,Dairies,85.97,1731.81
2023-08,Medium Transacting Categories,6540,Debit card to wallet credit (Wallet top up),80.90,5620.39
2023-08,Medium Transacting Categories,7299,Miscellaneous personal services not elsewhere classified,78.22,2710.43
2023-08,Medium Transacting Categories,7322,Debt collection agencies,68.19,57104.10
2023-08,Medium Transacting Categories,6012,Financial institutions merchandise and services,60.68,14586.77
2023-08,Medium Transacting Categories,5137,"Mens, womens and childrens uniforms and commercial clothing",45.79,4500.10
2023-08,Medium Transacting Categories,5441,"Candy, nut and confectionery shops",45.71,838.21
2023-08,Medium Transacting Categories,5399,Miscellaneous general merchandise,45.22,4316.64
2023-08,Medium Transacting Categories,5993,Cigar shops and stands,43.24,331.55
2023-08,All Other Categories,5732,Electronics shops,42.06,5246.30
2023-08,All Other Categories,7230,Beauty and barber shops,38.14,1114.86
2023-08,All Other Categories,5422,Freezer and locker meat provisioners,37.21,1168.37
2023-08,All Other Categories,6211,Securities brokers and dealers,35.36,29618.61
2023-08,All Other Categories,5722,Household appliance shops,35.32,3311.80
2023-08,All Other Categories,9399,Government services not elsewhere classified,34.93,4213.05
2023-08,All Other Categories,5943,"Stationery, office and school supply shops",31.43,939.13
2023-08,All Other Categories,4121,Taxi-cabs and limousines,31.31,698.26
2023-08,All Other Categories,4899,Cable and other pay television services,29.19,1199.46
2023-07,High Transacting Categories,5411,Groceries and supermarkets,1105.50,31148.53
2023-07,High Transacting Categories,5812,Eating places and restaurants,704.92,11400.18
2023-07,High Transacting Categories,4814,"Telecommunication services, including local and long distance calls, credit card calls, calls through use of magnetic stripe reading telephones and faxes",536.89,11089.90
2023-07,High Transacting Categories,5814,Fast food restaurants,363.02,4630.31
2023-07,High Transacting Categories,5311,Department stores,343.67,7032.92
2023-07,High Transacting Categories,5541,Service stations (with or without ancillary services),285.63,17959.10
2023-07,High Transacting Categories,5816,Digital Goods: Games,212.05,8160.71
2023-07,High Transacting Categories,5912,Drug stores and pharmacies,149.38,5595.82
2023-07,High Transacting Categories,5462,Bakeries,131.86,1902.37
2023-07,High Transacting Categories,4900,"Utilities electric, gas, water and sanitary",92.90,12360.49
2023-07,Medium Transacting Categories,6540,Debit card to wallet credit (Wallet top up),91.70,5944.14
2023-07,Medium Transacting Categories,5813,"Drinking places (alcoholic beverages) bars, taverns, night-clubs, cocktail lounges and discothques",84.32,3186.60
2023-07,Medium Transacting Categories,5451,Dairies,80.66,1568.53
2023-07,Medium Transacting Categories,7299,Miscellaneous personal services not elsewhere classified,71.06,2511.96
2023-07,Medium Transacting Categories,7322,Debt collection agencies,66.41,55027.89
2023-07,Medium Transacting Categories,6012,Financial institutions merchandise and services,48.16,13232.60
2023-07,Medium Transacting Categories,5399,Miscellaneous general merchandise,45.14,4348.47
2023-07,Medium Transacting Categories,6211,Securities brokers and dealers,42.10,32257.63
2023-07,Medium Transacting Categories,5732,Electronics shops,40.30,5163.26
2023-07,Medium Transacting Categories,5441,"Candy, nut and confectionery shops",39.99,699.88
2023-07,All Other Categories,5422,Freezer and locker meat provisioners,39.48,1263.77
2023-07,All Other Categories,5137,"Mens, womens and childrens uniforms and commercial clothing",39.04,3727.59
2023-07,All Other Categories,5993,Cigar shops and stands,35.70,273.65
2023-07,All Other Categories,7230,Beauty and barber shops,34.91,1008.97
2023-07,All Other Categories,5331,Variety stores,33.57,2030.41
2023-07,All Other Categories,5722,Household appliance shops,30.63,3061.74
2023-07,All Other Categories,9399,Government services not elsewhere classified,30.17,4843.81
2023-07,All Other Categories,5262,Online Marketplaces,29.38,2948.42
2023-07,All Other Categories,4899,Cable and other pay television services,28.87,1191.74
2023-06,High Transacting Categories,5411,Groceries and supermarkets,1012.26,28977.99
2023-06,High Transacting Categories,5812,Eating places and restaurants,683.72,11239.18
2023-06,High Transacting Categories,4814,"Telecommunication services, including local and long distance calls, credit card calls, calls through use of magnetic stripe reading telephones and faxes",500.42,10596.07
2023-06,High Transacting Categories,5814,Fast food restaurants,319.27,4112.76
2023-06,High Transacting Categories,5311,Department stores,308.29,6730.08
2023-06,High Transacting Categories,5541,Service stations (with or without ancillary services),269.75,18072.85
2023-06,High Transacting Categories,5816,Digital Goods: Games,204.87,7385.91
2023-06,High Transacting Categories,5462,Bakeries,131.74,1855.44
2023-06,High Transacting Categories,5912,Drug stores and pharmacies,125.41,4863.88
2023-06,High Transacting Categories,6540,Debit card to wallet credit (Wallet top up),94.43,5780.17
2023-06,Medium Transacting Categories,5451,Dairies,85.29,1621.76
2023-06,Medium Transacting Categories,4900,"Utilities electric, gas, water and sanitary",82.16,10655.19
2023-06,Medium Transacting Categories,5813,"Drinking places (alcoholic beverages) bars, taverns, night-clubs, cocktail lounges and discothques",73.08,2973.95
2023-06,Medium Transacting Categories,7299,Miscellaneous personal services not elsewhere classified,66.65,2492.24
2023-06,Medium Transacting Categories,7322,Debt collection agencies,62.44,48094.00
2023-06,Medium Transacting Categories,5331,Variety stores,51.69,2882.78
2023-06,Medium Transacting Categories,6012,Financial institutions merchandise and services,44.87,12082.96
2023-06,Medium Transacting Categories,5422,Freezer and locker meat provisioners,41.58,1408.50
2023-06,Medium Transacting Categories,5399,Miscellaneous general merchandise,41.36,4047.83
2023-06,Medium Transacting Categories,5137,"Mens, womens and childrens uniforms and commercial clothing",39.58,4058.10
2023-06,All Other Categories,5732,Electronics shops,38.77,5453.95
2023-06,All Other Categories,5441,"Candy, nut and confectionery shops",37.75,657.61
2023-06,All Other Categories,6211,Securities brokers and dealers,34.17,21168.67
2023-06,All Other Categories,7230,Beauty and barber shops,32.58,991.00
2023-06,All Other Categories,5262,Online Marketplaces,31.82,3067.87
2023-06,All Other Categories,9399,Government services not elsewhere classified,28.39,3867.92
2023-06,All Other Categories,4899,Cable and other pay television services,27.18,1084.41
2023-06,All Other Categories,5943,"Stationery, office and school supply shops",26.00,1030.80
2023-06,All Other Categories,4121,Taxi-cabs and limousines,25.90,632.39
2023-05,High Transacting Categories,5411,Groceries and supermarkets,1003.54,29411.79
2023-05,High Transacting Categories,5812,Eating places and restaurants,676.73,11174.19
2023-05,High Transacting Categories,4814,"Telecommunication services, including local and long distance calls, credit card calls, calls through use of magnetic stripe reading telephones and faxes",526.06,10499.40
2023-05,High Transacting Categories,5816,Digital Goods: Games,325.68,8116.78
2023-05,High Transacting Categories,5814,Fast food restaurants,300.10,3779.21
2023-05,High Transacting Categories,5311,Department stores,268.30,5799.48
2023-05,High Transacting Categories,5541,Service stations (with or without ancillary services),263.18,18012.53
2023-05,High Transacting Categories,5462,Bakeries,128.49,1843.19
2023-05,High Transacting Categories,5912,Drug stores and pharmacies,119.20,4644.23
2023-05,High Transacting Categories,6540,Debit card to wallet credit (Wallet top up),98.25,5547.62
2023-05,Medium Transacting Categories,5451,Dairies,83.84,1630.22
2023-05,Medium Transacting Categories,4900,"Utilities electric, gas, water and sanitary",75.76,9236.43
2023-05,Medium Transacting Categories,5813,"Drinking places (alcoholic beverages) bars, taverns, night-clubs, cocktail lounges and discothques",68.33,2848.07
2023-05,Medium Transacting Categories,7299,Miscellaneous personal services not elsewhere classified,65.37,2390.48
2023-05,Medium Transacting Categories,7322,Debt collection agencies,59.85,45479.77
2023-05,Medium Transacting Categories,5331,Variety stores,52.24,3060.45
2023-05,Medium Transacting Categories,5262,Online Marketplaces,48.18,4409.36
2023-05,Medium Transacting Categories,6012,Financial institutions merchandise and services,42.93,12230.02
2023-05,Medium Transacting Categories,5137,"Mens, womens and childrens uniforms and commercial clothing",39.95,4453.98
2023-05,Medium Transacting Categories,5732,Electronics shops,39.37,5516.04
2023-05,All Other Categories,5422,Freezer and locker meat provisioners,37.45,1236.17
2023-05,All Other Categories,5399,Miscellaneous general merchandise,36.01,3634.42
2023-05,All Other Categories,5441,"Candy, nut and confectionery shops",35.48,636.36
2023-05,All Other Categories,7230,Beauty and barber shops,31.68,1014.12
2023-05,All Other Categories,6211,Securities brokers and dealers,29.26,20345.86
2023-05,All Other Categories,4899,Cable and other pay television services,28.71,1168.92
2023-05,All Other Categories,4784,Tolls and bridge fees,26.89,1990.11
2023-05,All Other Categories,4121,Taxi-cabs and limousines,25.43,655.47
2023-05,All Other Categories,9399,Government services not elsewhere classified,24.63,3259.25
2023-04,High Transacting Categories,5411,Groceries and supermarkets,949.92,27967.29
2023-04,High Transacting Categories,5812,Eating places and restaurants,619.14,10208.54
2023-04,High Transacting Categories,4814,"Telecommunication services, including local and long distance calls, credit card calls, calls through use of magnetic stripe reading telephones and faxes",497.22,9818.36
2023-04,High Transacting Categories,5816,Digital Goods: Games,340.88,8086.72
2023-04,High Transacting Categories,5814,Fast food restaurants,278.07,3486.52
2023-04,High Transacting Categories,5311,Department stores,240.70,5174.80
2023-04,High Transacting Categories,5541,Service stations (with or without ancillary services),237.72,16450.29
2023-04,High Transacting Categories,5912,Drug stores and pharmacies,117.08,4429.68
2023-04,High Transacting Categories,5462,Bakeries,117.00,1657.14
2023-04,High Transacting Categories,6540,Debit card to wallet credit (Wallet top up),79.45,4722.89
2023-04,Medium Transacting Categories,5451,Dairies,79.16,1552.40
2023-04,Medium Transacting Categories,4900,"Utilities electric, gas, water and sanitary",64.00,7380.44
2023-04,Medium Transacting Categories,5813,"Drinking places (alcoholic beverages) bars, taverns, night-clubs, cocktail lounges and discothques",62.87,2584.51
2023-04,Medium Transacting Categories,7299,Miscellaneous personal services not elsewhere classified,59.64,2147.52
2023-04,Medium Transacting Categories,7322,Debt collection agencies,58.04,44817.78
2023-04,Medium Transacting Categories,5399,Miscellaneous general merchandise,52.79,4964.33
2023-04,Medium Transacting Categories,5331,Variety stores,50.49,2986.13
2023-04,Medium Transacting Categories,5137,"Mens, womens and childrens uniforms and commercial clothing",41.02,4765.99
2023-04,Medium Transacting Categories,5262,Online Marketplaces,40.17,3337.30
2023-04,Medium Transacting Categories,6012,Financial institutions merchandise and services,37.98,11826.16
2023-04,All Other Categories,5732,Electronics shops,36.65,5135.00
2023-04,All Other Categories,5422,Freezer and locker meat provisioners,36.38,1182.80
2023-04,All Other Categories,5441,"Candy, nut and confectionery shops",30.88,553.46
2023-04,All Other Categories,7230,Beauty and barber shops,30.33,969.90
2023-04,All Other Categories,4899,Cable and other pay television services,28.25,1175.79
2023-04,All Other Categories,6211,Securities brokers and dealers,27.62,19613.99
2023-04,All Other Categories,4784,Tolls and bridge fees,24.07,1858.33
2023-04,All Other Categories,4121,Taxi-cabs and limousines,23.46,592.95
2023-04,All Other Categories,9399,Government services not elsewhere classified,23.46,3297.00
2023-03,High Transacting Categories,5411,Groceries and supermarkets,933.01,28892.81
2023-03,High Transacting Categories,5812,Eating places and restaurants,584.82,9583.79
2023-03,High Transacting Categories,4814,"Telecommunication services, including local and long distance calls, credit card calls, calls through use of magnetic stripe reading telephones and faxes",486.58,9205.96
2023-03,High Transacting Categories,5814,Fast food restaurants,273.73,3296.79
2023-03,High Transacting Categories,5816,Digital Goods: Games,237.74,7613.77
2023-03,High Transacting Categories,5311,Department stores,233.37,4863.20
2023-03,High Transacting Categories,5541,Service stations (with or without ancillary services),230.83,15673.32
2023-03,High Transacting Categories,5912,Drug stores and pharmacies,121.20,4604.47
2023-03,High Transacting Categories,5462,Bakeries,115.19,1639.71
2023-03,High Transacting Categories,6540,Debit card to wallet credit (Wallet top up),75.29,4773.32
2023-03,Medium Transacting Categories,5451,Dairies,72.54,1493.22
2023-03,Medium Transacting Categories,4900,"Utilities electric, gas, water and sanitary",71.40,8049.21
2023-03,Medium Transacting Categories,7299,Miscellaneous personal services not elsewhere classified,67.98,2858.58
2023-03,Medium Transacting Categories,5813,"Drinking places (alcoholic beverages) bars, taverns, night-clubs, cocktail lounges and discothques",60.80,2549.35
2023-03,Medium Transacting Categories,7322,Debt collection agencies,56.84,45878.79
2023-03,Medium Transacting Categories,5399,Miscellaneous general merchandise,55.06,4345.14
2023-03,Medium Transacting Categories,5331,Variety stores,46.78,2807.09
2023-03,Medium Transacting Categories,6012,Financial institutions merchandise and services,40.11,15636.77
2023-03,Medium Transacting Categories,5137,"Mens, womens and childrens uniforms and commercial clothing",35.33,3918.47
2023-03,Medium Transacting Categories,5422,Freezer and locker meat provisioners,35.14,1139.09
2023-03,All Other Categories,8999,Professional services not elsewhere classified,34.78,1741.91
2023-03,All Other Categories,5732,Electronics shops,31.55,4417.02
2023-03,All Other Categories,5262,Online Marketplaces,30.75,2668.59
2023-03,All Other Categories,6211,Securities brokers and dealers,30.38,20654.57
2023-03,All Other Categories,4899,Cable and other pay television services,28.39,1169.46
2023-03,All Other Categories,5441,"Candy, nut and confectionery shops",28.03,529.25
2023-03,All Other Categories,7230,Beauty and barber shops,27.90,865.99
2023-03,All Other Categories,9399,Government services not elsewhere classified,26.05,3550.97
2023-03,All Other Categories,4214,"Motor freight carriers and trucking local and long distance, moving and storage companies and local delivery",22.71,1684.32
2023-02,High Transacting Categories,5411,Groceries and supermarkets,756.86,24910.12
2023-02,High Transacting Categories,5812,Eating places and restaurants,502.38,8243.93
2023-02,High Transacting Categories,4814,"Telecommunication services, including local and long distance calls, credit card calls, calls through use of magnetic stripe reading telephones and faxes",412.16,7977.27
2023-02,High Transacting Categories,5814,Fast food restaurants,249.19,3153.60
2023-02,High Transacting Categories,5816,Digital Goods: Games,201.01,6424.79
2023-02,High Transacting Categories,5541,Service stations (with or without ancillary services),198.65,13745.04
2023-02,High Transacting Categories,5311,Department stores,184.98,4107.39
2023-02,High Transacting Categories,5912,Drug stores and pharmacies,108.39,4047.60
2023-02,High Transacting Categories,5462,Bakeries,99.62,1481.92
2023-02,7299,4900,"Utilities electric, gas, water and sanitary",63.74,7164.98
2023-02,7299,5451,Dairies,58.75,1329.79
2023-02,7299,5813,"Drinking places (alcoholic beverages) bars, taverns, night-clubs, cocktail lounges and discothques",52.45,2154.73
2023-02,7299,7322,Debt collection agencies,48.52,38625.00
2023-02,7299,5399,Miscellaneous general merchandise,37.50,2768.73
2023-02,7299,5331,Variety stores,36.09,2111.95
2023-02,7299,6012,Financial institutions merchandise and services,34.87,14083.38
2023-02,7299,8999,Professional services not elsewhere classified,30.59,1489.55
2023-02,7299,5999,Miscellaneous and speciality retail outlets,30.19,2218.25
2023-02,All Other Categories,5422,Freezer and locker meat provisioners,30.12,964.33
2023-02,All Other Categories,6211,Securities brokers and dealers,28.90,19082.24
2023-02,All Other Categories,5499,Miscellaneous food shops convenience and speciality retail outlets,27.64,612.71
2023-02,All Other Categories,9399,Government services not elsewhere classified,26.43,2608.63
2023-02,All Other Categories,5732,Electronics shops,26.32,3714.55
2023-02,All Other Categories,7230,Beauty and barber shops,26.00,896.91
2023-02,All Other Categories,5137,"Mens, womens and childrens uniforms and commercial clothing",25.85,2980.07
2023-02,All Other Categories,4899,Cable and other pay television services,25.61,1093.76
2023-02,All Other Categories,5441,"Candy, nut and confectionery shops",22.39,434.62
2023-01,High Transacting Categories,5411,Groceries and supermarkets,564.02,22344.42
2023-01,High Transacting Categories,5812,Eating places and restaurants,491.54,8375.30
2023-01,High Transacting Categories,4814,"Telecommunication services, including local and long distance calls, credit card calls, calls through use of magnetic stripe reading telephones and faxes",482.44,9363.92
2023-01,High Transacting Categories,7299,Miscellaneous personal services not elsewhere classified,368.30,15308.25
2023-01,High Transacting Categories,5816,Digital Goods: Games,234.75,7131.77
2023-01,High Transacting Categories,5814,Fast food restaurants,220.82,2762.12
2023-01,High Transacting Categories,5541,Service stations (with or without ancillary services),204.78,14051.71
2023-01,High Transacting Categories,5499,Miscellaneous food shops convenience and speciality retail outlets,149.34,2226.71
2023-01,High Transacting Categories,5311,Department stores,126.90,3872.16
2023-01,High Transacting Categories,5912,Drug stores and pharmacies,102.56,3884.30
2023-01,Medium Transacting Categories,5999,Miscellaneous and speciality retail outlets,96.64,2801.27
2023-01,Medium Transacting Categories,5399,Miscellaneous general merchandise,92.96,5439.95
2023-01,Medium Transacting Categories,5462,Bakeries,90.90,1373.38
2023-01,Medium Transacting Categories,4900,"Utilities electric, gas, water and sanitary",69.43,8019.98
2023-01,Medium Transacting Categories,7322,Debt collection agencies,64.89,56682.85
2023-01,Medium Transacting Categories,5813,"Drinking places (alcoholic beverages) bars, taverns, night-clubs, cocktail lounges and discothques",52.11,2181.07
2023-01,Medium Transacting Categories,5451,Dairies,49.95,1136.82
2023-01,Medium Transacting Categories,6540,Debit card to wallet credit (Wallet top up),45.32,3864.38
2023-01,Medium Transacting Categories,6012,Financial institutions merchandise and services,36.38,14999.00
2023-01,Medium Transacting Categories,5699,Miscellaneous apparel and accessory shops,32.43,4462.01
2023-01,All Other Categories,8999,Professional services not elsewhere classified,30.30,1505.95
2023-01,All Other Categories,6211,Securities brokers and dealers,29.28,23874.16
2023-01,All Other Categories,5422,Freezer and locker meat provisioners,28.39,947.61
2023-01,All Other Categories,9399,Government services not elsewhere classified,27.39,3057.44
2023-01,All Other Categories,4899,Cable and other pay television services,27.29,1125.39
2023-01,All Other Categories,7399,Business services not elsewhere classified,26.61,2874.68
2023-01,All Other Categories,5732,Electronics shops,25.97,3524.14
2023-01,All Other Categories,4214,"Motor freight carriers and trucking local and long distance, moving and storage companies and local delivery",22.70,1583.58
2023-01,All Other Categories,7230,Beauty and barber shops,22.39,754.48
