period,psp,total_volume_mn,approved_pct,declined_pct
2025-08,Axis Bank Ltd.,7903.10,93.60,6.27
2025-08,Yes Bank Ltd.,5841.35,90.97,8.94
2025-08,ICICI Bank Ltd.,3880.13,92.61,7.27
2025-08,HDFC Bank Ltd.,1957.30,94.28,5.64
2025-08,State Bank of India,1433.43,94.47,5.36
2025-08,Tri O Tech Solutions Private Limited,134.92,100.00,0.00
2025-08,BHIM,113.93,95.28,4.54
2025-08,Kotak Mahindra Bank,72.36,100.00,0.00
2025-08,Airtel Payments Bank Limited,22.27,96.30,3.62
2025-08,North East Small Finance Bank Ltd,21.53,96.80,3.14
2025-08,India Post Payments Bank Limited,19.58,100.00,0.00
2025-08,One Mobikwik Systems Limited,18.65,100.00,0.00
2025-08,IDFC Bank Ltd.,18.71,99.81,0.19
2025-08,RBL Bank Ltd.,17.71,98.02,1.91
2025-08,Federal Bank Ltd.,9.54,99.02,0.96
2025-08,Yes Bank Ltd.,10751.55,91.47,8.41
2025-08,Axis Bank Ltd.,3903.49,94.33,5.56
2025-08,ICICI Bank Ltd.,1864.54,93.74,6.13
2025-08,State Bank of India,1467.24,95.02,4.87
2025-08,HDFC Bank Ltd.,1408.32,94.06,5.84
2025-08,Federal Bank Ltd.,288.22,96.95,2.94
2025-08,Airtel Payments Bank Limited,230.49,94.28,5.61
2025-08,Unity Small Finance Bank Limited,145.32,97.01,2.88
2025-08,Indusind Bank Ltd.,139.32,93.52,6.37
2025-08,RBL Bank Ltd.,98.99,91.99,7.86
2025-08,Canara Bank,98.14,97.03,2.88
2025-08,Kotak Mahindra Bank,80.84,95.00,4.89
2025-08,Tri O Tech Solutions Private Limited,64.78,93.98,5.90
2025-08,One Mobikwik Systems Limited,57.36,96.58,3.32
2025-08,Suryoday Small Finance Bank Limited,54.93,91.56,8.31
2025-07,Axis Bank Ltd.,7234.98,93.26,6.61
2025-07,Yes Bank Ltd.,5894.24,90.91,8.98
2025-07,ICICI Bank Ltd.,3697.64,92.29,7.59
2025-07,HDFC Bank Ltd.,2038.72,94.18,5.76
2025-07,State Bank of India,1652.32,94.75,5.05
2025-07,Tri O Tech Solutions Private Limited,124.54,100.00,0.00
2025-07,BHIM,99.55,95.10,4.64
2025-07,Kotak Mahindra Bank,67.13,100.00,0.00
2025-07,Airtel Payments Bank Limited,22.17,96.29,3.63
2025-07,North East Small Finance Bank Ltd,20.49,97.06,2.86
2025-07,IDFC Bank Ltd.,19.28,99.79,0.21
2025-07,India Post Payments Bank Limited,18.16,100.00,0.00
2025-07,RBL Bank Ltd.,17.25,97.83,2.09
2025-07,One Mobikwik Systems Limited,16.68,100.00,0.00
2025-07,Federal Bank Ltd.,8.94,98.87,1.10
2025-07,Yes Bank Ltd.,10547.67,91.22,8.66
2025-07,Axis Bank Ltd.,3700.44,94.14,5.74
2025-07,ICICI Bank Ltd.,1863.07,93.66,6.21
2025-07,HDFC Bank Ltd.,1434.68,93.95,5.93
2025-07,State Bank of India,1434.09,94.89,4.98
2025-07,Federal Bank Ltd.,294.38,96.86,3.02
2025-07,Airtel Payments Bank Limited,211.01,93.30,6.58
2025-07,Indusind Bank Ltd.,118.80,93.01,6.86
2025-07,Unity Small Finance Bank Limited,116.81,96.99,2.90
2025-07,Canara Bank,96.68,96.92,2.97
2025-07,RBL Bank Ltd.,92.99,93.64,6.22
2025-07,Kotak Mahindra Bank,74.50,95.01,4.75
2025-07,Tri O Tech Solutions Private Limited,59.98,93.82,6.06
2025-07,One Mobikwik Systems Limited,55.68,96.58,3.33
2025-07,NSDL Payments Bank Limited,43.15,91.98,7.89
2025-06,Axis Bank Ltd.,6282.26,93.29,6.53
2025-06,Yes Bank Ltd.,6062.04,91.82,8.06
2025-06,ICICI Bank Ltd.,3348.12,92.46,7.40
2025-06,HDFC Bank Ltd.,1857.50,94.36,5.57
2025-06,State Bank of India,1786.32,95.31,4.48
2025-06,Tri O Tech Solutions Private Limited,112.44,100.00,0.00
2025-06,BHIM,83.63,95.30,4.48
2025-06,Kotak Mahindra Bank,60.77,100.00,0.00
2025-06,Airtel Payments Bank Limited,20.48,96.42,3.48
2025-06,RBL Bank Ltd.,18.81,98.08,1.84
2025-06,IDFC Bank Ltd.,18.49,99.80,0.20
2025-06,North East Small Finance Bank Ltd,18.35,97.05,2.87
2025-06,India Post Payments Bank Limited,16.65,100.00,0.00
2025-06,One Mobikwik Systems Limited,13.74,100.00,0.00
2025-06,Federal Bank Ltd.,8.19,98.90,1.08
2025-06,Yes Bank Ltd.,10136.06,91.76,8.10
2025-06,Axis Bank Ltd.,3513.35,94.37,5.47
2025-06,ICICI Bank Ltd.,1746.59,93.94,5.90
2025-06,HDFC Bank Ltd.,1274.80,93.94,5.92
2025-06,State Bank of India,1182.78,95.17,4.65
2025-06,Federal Bank Ltd.,298.92,97.04,2.81
2025-06,Airtel Payments Bank Limited,203.03,93.47,6.39
2025-06,Indusind Bank Ltd.,106.98,92.58,7.27
2025-06,Unity Small Finance Bank Limited,93.44,97.04,2.82
2025-06,Canara Bank,89.49,97.03,2.84
2025-06,RBL Bank Ltd.,76.46,93.64,6.20
2025-06,Kotak Mahindra Bank,67.33,95.16,4.72
2025-06,Tri O Tech Solutions Private Limited,54.49,93.91,5.91
2025-06,One Mobikwik Systems Limited,52.02,96.69,3.19
2025-06,NSDL Payments Bank Limited,39.10,93.07,6.77
2025-05,Yes Bank Ltd.,6249.31,91.91,8.02
2025-05,Axis Bank Ltd.,6243.68,93.26,6.66
2025-05,ICICI Bank Ltd.,3429.87,92.48,7.44
2025-05,HDFC Bank Ltd.,1903.95,94.32,5.63
2025-05,State Bank of India,1814.30,95.37,4.54
2025-05,Tri O Tech Solutions Private Limited,110.06,100.00,0.00
2025-05,BHIM,74.53,95.27,4.61
2025-05,Kotak Mahindra Bank,60.08,100.00,0.00
2025-05,RBL Bank Ltd.,21.94,98.10,1.86
2025-05,Airtel Payments Bank Limited,20.85,96.64,3.29
2025-05,North East Small Finance Bank Ltd,20.22,97.42,2.54
2025-05,IDFC Bank Ltd.,17.11,99.81,0.19
2025-05,India Post Payments Bank Limited,16.51,100.00,0.00
2025-05,One Mobikwik Systems Limited,13.66,100.00,0.00
2025-05,Federal Bank Ltd.,8.30,98.83,1.14
2025-05,Yes Bank Ltd.,10200.44,91.74,8.18
2025-05,Axis Bank Ltd.,3662.85,94.45,5.48
2025-05,ICICI Bank Ltd.,1759.20,93.94,5.98
2025-05,HDFC Bank Ltd.,1279.85,93.88,6.06
2025-05,State Bank of India,1182.71,95.24,4.69
2025-05,Federal Bank Ltd.,320.29,96.92,3.02
2025-05,Airtel Payments Bank Limited,184.27,94.29,5.64
2025-05,Indusind Bank Ltd.,116.59,93.24,6.70
2025-05,RBL Bank Ltd.,103.75,92.94,6.94
2025-05,Canara Bank,89.00,97.07,2.88
2025-05,Kotak Mahindra Bank,82.50,94.77,5.16
2025-05,Unity Small Finance Bank Limited,78.29,96.86,3.08
2025-05,One Mobikwik Systems Limited,54.02,96.74,3.20
2025-05,Tri O Tech Solutions Private Limited,52.97,94.00,5.92
2025-05,NSDL Payments Bank Limited,43.57,93.38,6.53
2025-04,Axis Bank Ltd.,6387.98,91.79,7.91
2025-04,Yes Bank Ltd.,5989.77,89.60,10.23
2025-04,ICICI Bank Ltd.,3331.43,90.40,9.35
2025-04,HDFC Bank Ltd.,1914.70,93.35,6.52
2025-04,State Bank of India,1570.86,94.50,5.21
2025-04,Tri O Tech Solutions Private Limited,99.59,100.00,0.00
2025-04,BHIM,63.18,94.12,5.46
2025-04,Kotak Mahindra Bank,58.08,100.00,0.00
2025-04,RBL Bank Ltd.,22.69,97.91,1.97
2025-04,Airtel Payments Bank Limited,21.16,96.47,3.40
2025-04,North East Small Finance Bank Ltd,17.86,97.11,2.79
2025-04,IDFC Bank Ltd.,17.05,99.80,0.20
2025-04,India Post Payments Bank Limited,14.76,100.00,0.00
2025-04,One Mobikwik Systems Limited,12.70,100.00,0.00
2025-04,Federal Bank Ltd.,8.17,98.76,1.17
2025-04,Yes Bank Ltd.,10184.32,88.91,10.88
2025-04,Axis Bank Ltd.,3608.52,94.00,5.78
2025-04,ICICI Bank Ltd.,1611.80,93.51,6.19
2025-04,HDFC Bank Ltd.,1181.26,93.49,6.24
2025-04,State Bank of India,1105.53,94.58,5.07
2025-04,Federal Bank Ltd.,317.93,96.26,3.55
2025-04,Airtel Payments Bank Limited,189.83,94.22,5.58
2025-04,Indusind Bank Ltd.,120.67,93.10,6.63
2025-04,Canara Bank,86.72,96.67,3.12
2025-04,RBL Bank Ltd.,86.75,92.48,7.31
2025-04,Kotak Mahindra Bank,77.92,94.52,5.28
2025-04,Unity Small Finance Bank Limited,58.99,96.44,3.41
2025-04,One Mobikwik Systems Limited,52.96,96.43,3.40
2025-04,Tri O Tech Solutions Private Limited,48.02,93.23,6.50
2025-04,NSDL Payments Bank Limited,39.53,92.21,7.66
2025-03,Axis Bank Ltd.,6604.23,92.40,7.45
2025-03,Yes Bank Ltd.,5941.99,89.01,10.86
2025-03,ICICI Bank Ltd.,3439.32,90.81,9.06
2025-03,HDFC Bank Ltd.,2057.59,93.55,6.37
2025-03,State Bank of India,1584.82,94.74,5.10
2025-03,Tri O Tech Solutions Private Limited,89.61,100.00,0.00
2025-03,Kotak Mahindra Bank,57.42,100.00,0.00
2025-03,BHIM,55.53,94.09,5.71
2025-03,Airtel Payments Bank Limited,22.47,96.32,3.58
2025-03,RBL Bank Ltd.,22.14,97.94,1.99
2025-03,North East Small Finance Bank,16.79,97.39,2.52
2025-03,India Post Payments Bank Limited,16.58,100.00,0.00
2025-03,IDFC Bank Ltd.,15.55,99.76,0.24
2025-03,One Mobikwik Systems Limited,11.90,100.00,0.00
2025-03,Federal Bank Ltd.,8.28,98.74,1.24
2025-03,Yes Bank Ltd.,10420.07,88.88,10.98
2025-03,Axis Bank Ltd.,3652.62,94.47,5.40
2025-03,ICICI Bank Ltd.,1793.36,93.71,6.16
2025-03,HDFC Bank Ltd.,1157.83,93.76,6.11
2025-03,State Bank of India,1043.16,95.08,4.78
2025-03,Federal Bank Ltd.,331.85,96.90,2.98
2025-03,Airtel Payments Bank Limited,187.41,93.64,6.24
2025-03,Indusind Bank Ltd.,115.91,93.17,6.70
2025-03,Canara Bank,105.51,96.38,3.50
2025-03,RBL Bank Ltd.,86.13,92.91,6.94
2025-03,Kotak Mahindra Bank,70.38,94.72,5.16
2025-03,One Mobikwik Systems Limited,53.73,96.53,3.35
2025-03,Tri O Tech Solutions Private Limited,45.31,93.46,6.37
2025-03,Fino Payments Bank Ltd.,43.14,89.70,10.09
2025-03,Unity Small Finance Bank Limited,42.50,96.82,3.04
2025-02,Axis Bank Ltd.,5700.87,92.24,7.57
2025-02,Yes Bank Ltd.,5129.26,88.46,11.38
2025-02,ICICI Bank Ltd.,3081.73,90.89,8.94
2025-02,HDFC Bank Ltd.,1810.37,93.45,6.40
2025-02,State Bank of India,1599.37,94.58,5.22
2025-02,Tri O Tech Solutions Private Limited,76.79,100.00,0.00
2025-02,Kotak Mahindra Bank,50.89,100.00,0.00
2025-02,BHIM,45.50,93.38,6.39
2025-02,Airtel Payments Bank Limited,19.85,95.73,4.16
2025-02,RBL Bank Ltd.,16.96,97.50,2.39
2025-02,IDFC Bank Ltd.,12.83,99.74,0.26
2025-02,India Post Payments Bank Limited,12.27,100.00,0.00
2025-02,North East Small Finance Bank,10.97,96.10,3.76
2025-02,One Mobikwik Systems Limited,9.98,100.00,0.00
2025-02,Federal Bank Ltd.,7.32,98.68,1.27
2025-02,Yes Bank Ltd.,9223.00,88.71,11.13
2025-02,Axis Bank Ltd.,3198.69,94.30,5.52
2025-02,ICICI Bank Ltd.,1590.89,93.47,6.33
2025-02,HDFC Bank Ltd.,1010.36,93.72,6.13
2025-02,State Bank of India,922.49,94.82,4.99
2025-02,Federal Bank Ltd.,305.86,96.85,3.00
2025-02,Airtel Payments Bank Limited,137.28,93.89,5.97
2025-02,Canara Bank,130.41,95.44,4.38
2025-02,Indusind Bank Ltd.,104.59,92.70,7.14
2025-02,RBL Bank Ltd.,74.77,92.54,7.25
2025-02,Kotak Mahindra Bank,61.91,93.86,5.99
2025-02,One Mobikwik Systems Limited,47.74,96.47,3.39
2025-02,Fino Payments Bank Ltd.,39.24,89.91,9.85
2025-02,Tri O Tech Solutions Private Limited,38.43,93.12,6.65
2025-02,NSDL Payments Bank Limited,28.18,92.73,7.04
2025-01,Axis Bank Ltd.,5954.78,92.28,7.41
2025-01,Yes Bank Ltd.,5406.59,88.09,11.69
2025-01,ICICI Bank Ltd.,3268.27,91.07,8.70
2025-01,HDFC Bank Ltd.,1880.42,93.82,6.06
2025-01,State Bank of India,1787.72,94.63,5.08
2025-01,Tri O Tech Solutions Private Limited,78.71,100.00,0.00
2025-01,Kotak Mahindra Bank,54.08,100.00,0.00
2025-01,BHIM,41.96,93.25,6.45
2025-01,Airtel Payments Bank Limited,21.89,95.81,4.06
2025-01,RBL Bank Ltd.,17.47,97.38,2.48
2025-01,IDFC Bank Ltd.,12.61,99.70,0.30
2025-01,India Post Payments Bank Limited,12.57,100.00,0.00
2025-01,One Mobikwik Systems Limited,9.80,100.00,0.00
2025-01,Federal Bank Ltd.,7.79,98.68,1.27
2025-01,North East Small Finance Bank Acquirer,6.96,96.03,3.83
2025-01,Yes Bank Ltd.,9744.80,88.81,10.96
2025-01,Axis Bank Ltd.,3353.68,94.17,5.57
2025-01,ICICI Bank Ltd.,1709.15,93.43,6.31
2025-01,HDFC Bank Ltd.,1053.52,93.67,6.09
2025-01,State Bank of India,977.23,94.64,5.06
2025-01,Federal Bank Ltd.,330.41,96.78,2.97
2025-01,Airtel Payments Bank Limited,156.81,94.53,5.28
2025-01,Canara Bank,151.47,94.91,4.85
2025-01,Indusind Bank Ltd.,107.35,92.41,7.37
2025-01,RBL Bank Ltd.,77.80,91.78,7.98
2025-01,Kotak Mahindra Bank,61.33,91.94,7.84
2025-01,Fino Payments Bank Ltd.,50.16,89.92,9.80
2025-01,One Mobikwik Systems Limited,49.43,96.48,3.33
2025-01,Tri O Tech Solutions Private Limited,39.67,92.97,6.72
2025-01,Indian Overseas Bank,29.99,94.13,5.65
2024-12,Axis Bank Ltd.,6025.68,93.20,6.64
2024-12,Yes Bank Ltd.,4945.56,88.57,11.30
2024-12,ICICI Bank Ltd.,3082.57,91.84,8.01
2024-12,State Bank of India,1939.67,95.46,4.38
2024-12,HDFC Bank Ltd.,1876.39,94.19,5.70
2024-12,Tri O Tech Solutions Private Limited,75.47,100.00,0.00
2024-12,Kotak Mahindra Bank,52.43,100.00,0.00
2024-12,BHIM,36.21,93.34,6.42
2024-12,Airtel Payments Bank Limited,21.12,96.14,3.77
2024-12,RBL Bank Ltd.,16.71,97.50,2.41
2024-12,India Post Payments Bank Limited,10.76,100.00,0.00
2024-12,IDFC Bank Ltd.,10.09,99.61,0.38
2024-12,One Mobikwik Systems Limited,8.59,100.00,0.00
2024-12,Federal Bank Ltd.,7.49,98.69,1.28
2024-12,Amazon,5.76,100.00,0.00
2024-12,Yes Bank Ltd.,9422.57,89.88,9.98
2024-12,Axis Bank Ltd.,3353.86,94.59,5.26
2024-12,ICICI Bank Ltd.,1698.86,93.95,5.89
2024-12,HDFC Bank Ltd.,1030.36,94.25,5.61
2024-12,State Bank of India,967.93,95.17,4.66
2024-12,Federal Bank Ltd.,335.98,97.00,2.86
2024-12,Canara Bank,140.46,95.19,4.67
2024-12,Airtel Payments Bank Limited,141.75,95.03,4.85
2024-12,Indusind Bank Ltd.,103.60,92.34,7.49
2024-12,RBL Bank Ltd.,64.53,92.88,6.96
2024-12,Kotak Mahindra Bank,55.88,92.88,6.98
2024-12,Fino Payments Bank Ltd.,49.66,90.00,9.82
2024-12,One Mobikwik Systems Limited,48.69,96.67,3.21
2024-12,Tri O Tech Solutions Private Limited,37.29,93.61,6.20
2024-12,Bank of Maharashtra,33.55,93.46,6.40
2024-11,Axis Bank Ltd.,5366.04,93.50,6.33
2024-11,Yes Bank Ltd.,4838.62,89.34,10.51
2024-11,ICICI Bank Ltd.,2839.45,92.32,7.54
2024-11,State Bank of India,1738.04,95.72,4.12
2024-11,HDFC Bank Ltd.,1699.60,94.50,5.40
2024-11,Tri O Tech Solutions Private Limited,67.21,100.00,0.00
2024-11,Kotak Mahindra Bank,47.66,100.00,0.00
2024-11,BHIM,32.01,93.36,6.40
2024-11,Airtel Payments Bank Limited,19.34,96.20,3.70
2024-11,RBL Bank Ltd.,11.84,97.09,2.81
2024-11,IDFC Bank Ltd.,9.25,99.60,0.39
2024-11,India Post Payments Bank Limited,8.91,100.00,0.00
2024-11,One Mobikwik Systems Limited,7.23,100.00,0.00
2024-11,Federal Bank Ltd.,6.64,98.46,1.50
2024-11,Citibank Corporate,6.19,100.00,0.00
2024-11,Yes Bank Ltd.,8805.07,90.47,9.38
2024-11,Axis Bank Ltd.,3020.55,94.77,5.08
2024-11,ICICI Bank Ltd.,1565.44,94.16,5.69
2024-11,HDFC Bank Ltd.,941.31,94.55,5.31
2024-11,State Bank of India,875.91,95.35,4.50
2024-11,Federal Bank Ltd.,317.06,97.06,2.79
2024-11,Canara Bank,141.79,95.23,4.61
2024-11,Airtel Payments Bank Limited,107.19,95.05,4.81
2024-11,Indusind Bank Ltd.,101.97,92.11,7.74
2024-11,RBL Bank Ltd.,51.03,93.58,6.24
2024-11,Kotak Mahindra Bank,46.50,93.47,6.38
2024-11,One Mobikwik Systems Limited,45.61,96.65,3.22
2024-11,Fino Payments Bank Ltd.,39.72,90.08,9.71
2024-11,Tri O Tech Solutions Private Limited,32.41,93.92,5.89
2024-11,Indian Overseas Bank,27.56,94.73,5.12
2024-10,Axis Bank Ltd.,5662.22,93.4,6.11
2024-10,Yes Bank Ltd.,5326.82,90.02,9.61
2024-10,ICICI Bank Ltd.,3063.68,92.73,6.96
2024-10,State Bank of India,1831.81,95.11,4.37
2024-10,HDFC Bank Ltd.,1746.61,94.68,5.16
2024-10,Tri O Tech Solutions Private Limited,69.79,100.0,0.0
2024-10,Kotak Mahindra Bank,52.23,100.0,0.0
2024-10,BHIM,35.84,92.86,6.49
2024-10,Airtel Payments Bank Limited,20.89,95.87,3.91
2024-10,RBL Bank Ltd.,11.15,96.09,3.6
2024-10,INDIA POST PAYMENTS BANK LIMITED,10.11,100.0,0.0
2024-10,IDFC Bank Ltd.,9.99,99.54,0.44
2024-10,ONE MOBIKWIK SYSTEMS LIMITED,7.19,100.0,0.0
2024-10,Federal Bank Ltd.,6.6,98.23,1.66
2024-10,Garagepreneurs Internet Private Limited,5.44,100.0,0.0
2024-10,Yes Bank Ltd.,9391.07,91.19,8.43
2024-10,Axis Bank Ltd.,3213.02,94.25,5.35
2024-10,ICICI Bank Ltd.,1700.90,93.61,5.96
2024-10,HDFC Bank Ltd.,1035.39,94.2,5.36
2024-10,State Bank of India,925.37,94.71,4.91
2024-10,Federal Bank Ltd.,346.74,96.62,2.97
2024-10,Canara Bank,148.39,94.73,4.95
2024-10,Indusind Bank Ltd.,121.17,92.29,7.3
2024-10,Airtel Payments Bank Limited,98.84,94.46,5.22
2024-10,RBL Bank Ltd.,59.17,92.97,6.62
2024-10,ONE MOBIKWIK SYSTEMS LIMITED,53.01,96.27,3.43
2024-10,Fino Payments Bank Ltd.,45.72,89.71,9.95
2024-10,Kotak Mahindra Bank,44.89,95.09,4.57
2024-10,Bank of Baroda,39.53,94.62,5.04
2024-10,Tri O Tech Solutions Private Limited,33.82,93.2,6.36
2024-09,AXIS Bank Ltd.,4933.71,94.09,5.75
2024-09,Yes bank Ltd.,4885.12,91.71,8.15
2024-09,ICICI Bank Ltd.,2819.10,93.52,6.35
2024-09,State Bank of India,1634.70,95.72,4.11
2024-09,HDFC Bank Ltd.,1568.06,95.01,4.88
2024-09,Tri O Tech Solutions Private Limited,61.01,100.00,0.00
2024-09,Kotak Mahindra Bank Ltd,47.42,100.00,0.00
2024-09,BHIM,31.28,93.32,6.46
2024-09,Airtel Payments Bank Ltd,18.16,95.91,4.01
2024-09,RBL Bank Ltd.,9.13,95.71,4.16
2024-09,IDFC First Bank,8.95,99.42,0.57
2024-09,India Post Payments Bank Ltd,6.96,99.99,0.01
2024-09,Federal Bank Ltd.,6.48,98.24,1.73
2024-09,One Mobikwik Systems Pvt - Ltd,6.18,100.00,0.00
2024-09,Garagepreneurs Internet Private Limited,4.83,100.00,0.00
2024-09,Yes bank Ltd.,8450.94,92.64,7.21
2024-09,AXIS Bank Ltd.,2830.55,94.67,5.18
2024-09,ICICI Bank Ltd.,1548.92,93.95,5.90
2024-09,HDFC Bank Ltd.,930.08,94.44,5.42
2024-09,State Bank of India,838.01,95.13,4.72
2024-09,Federal Bank Ltd.,331.05,96.91,2.94
2024-09,Indusind Bank Ltd.,104.81,92.33,7.52
2024-09,Canara Bank,96.46,95.4,4.46
2024-09,Airtel Payments Bank Limited,87.26,94.6,5.27
2024-09,RBL Bank Ltd.,65.9,92.68,7.15
2024-09,ONE MOBIKWIK SYSTEMS LIMITED,49.66,96.41,3.45
2024-09,Fino Payments Bank Ltd.,41.86,89.98,9.85
2024-09,Kotak Mahindra Bank,38.28,95.69,4.15
2024-09,Bank of Baroda,37.98,94.88,4.99
2024-09,Tri O Tech Solutions Private Limited,29.47,93.79,6.04
2024-08,Yes bank Ltd.,4993.30,91.88,8.03
2024-08,AXIS Bank Ltd.,4967.63,94.27,5.64
2024-08,ICICI Bank Ltd.,2879.50,93.59,6.32
2024-08,HDFC Bank Ltd.,1538.03,95.10,4.83
2024-08,State Bank of India,1371.70,95.65,4.25
2024-08,Tri O Tech Solutions Private Limited,57.12,100.00,0.00
2024-08,Kotak Mahindra Bank Ltd,47.21,100.00,0.00
2024-08,BHIM,30.42,93.34,6.54
2024-08,Airtel Payments Bank Ltd,18.37,95.59,4.36
2024-08,RBL Bank Ltd.,9.51,95.19,4.72
2024-08,IDFC First Bank,8.62,99.41,0.58
2024-08,India Post Payments Bank Ltd,7.05,99.96,0.04
2024-08,Federal Bank Ltd.,6.39,98.10,1.89
2024-08,One Mobikwik Systems Pvt - Ltd,5.32,100.00,0.00
2024-08,Garagepreneurs Internet Private Limited,4.73,100.00,0.00
2024-08,Yes bank Ltd.,8408.55,92.86,7.05
2024-08,AXIS Bank Ltd.,2755.65,94.66,5.25
2024-08,ICICI Bank Ltd.,1582.25,93.85,6.06
2024-08,HDFC Bank Ltd.,934.55,94.36,5.56
2024-08,State Bank of India,805.11,94.97,4.94
2024-08,Federal Bank Ltd.,342.68,97.03,2.89
2024-08,Indusind Bank Ltd.,95.73,92.96,6.95
2024-08,Airtel Payments Bank Limited,89.1,94.8,5.12
2024-08,Canara Bank,86.26,95.41,4.51
2024-08,RBL Bank Ltd.,60.39,93.0,6.87
2024-08,ONE MOBIKWIK SYSTEMS LIMITED,46.96,96.54,3.38
2024-08,The Cosmos Co-Operative Bank Ltd,42.88,90.01,9.83
2024-08,Kotak Mahindra Bank,40.26,95.61,4.31
2024-08,Fino Payments Bank Ltd.,35.84,90.38,9.47
2024-08,Indian Bank,35.23,93.27,6.62
2024-07,Yes bank Ltd.,5164.19,92.02,7.86
2024-07,AXIS Bank Ltd.,4393.74,93.86,6.01
2024-07,ICICI Bank Ltd.,2762.62,93.29,6.58
2024-07,State Bank of India,1521.58,95.47,4.40
2024-07,HDFC Bank Ltd.,1394.09,94.81,5.08
2024-07,Tri O Tech Solutions Private Limited,52.00,100.00,0.00
2024-07,Kotak Mahindra Bank Ltd,45.05,100.00,0.00
2024-07,BHIM,29.02,93.13,6.72
2024-07,Airtel Payments Bank Ltd,17.37,95.73,4.20
2024-07,RBL Bank Ltd.,8.95,94.86,5.00
2024-07,IDFC First Bank,8.16,99.41,0.59
2024-07,India Post Payments Bank Ltd,6.43,99.98,0.02
2024-07,Federal Bank Ltd.,6.10,98.00,1.98
2024-07,One Mobikwik Systems Pvt - Ltd,4.40,100.00,0.00
2024-07,Garagepreneurs Internet Private Limited,4.37,100.00,0.00
2024-07,Yes bank Ltd.,8202.97,92.89,6.99
2024-07,AXIS Bank Ltd.,2586.30,94.23,5.65
2024-07,ICICI Bank Ltd.,1521.57,93.37,6.51
2024-07,State Bank of India,848.08,94.39,5.49
2024-07,HDFC Bank Ltd.,838.86,94.10,5.79
2024-07,Federal Bank Ltd.,328.61,96.84,3.04
2024-07,THE COSMOS CO-OPERATIVE BANK LTD,130.34,89.26,10.56
2024-07,Indusind Bank Ltd.,81.05,93.85,6.02
2024-07,Airtel Payments Bank Ltd,68.42,94.48,5.41
2024-07,Canara Bank,57.74,95.86,4.03
2024-07,RBL Bank Ltd.,50.12,93.29,6.55
2024-07,One Mobikwik Systems Pvt - Ltd,41.71,96.38,3.51
2024-07,Kotak Mahindra Bank Ltd,38.70,95.27,4.63
2024-07,Bank Of India IBM,22.13,94.51,5.29
2024-07,Indian Bank,32.80,92.79,7.06
2024-06,Yes bank Ltd.,5109.48,92.73,7.12
2024-06,AXIS Bank Ltd.,4019.53,94.17,5.67
2024-06,ICICI Bank Ltd.,2681.98,93.75,6.09
2024-06,State Bank of India,1473.39,95.76,4.09
2024-06,HDFC Bank Ltd.,1303.26,95.19,4.69
2024-06,Tri O Tech Solutions Private Limited,50.77,100.00,0.00
2024-06,Kotak Mahindra Bank Ltd,42.91,100.00,0.00
2024-06,BHIM,27.47,93.42,6.37
2024-06,Airtel Payments Bank Ltd,16.38,96.18,3.74
2024-06,RBL Bank Ltd.,8.11,95.44,4.40
2024-06,IDFC First Bank,7.78,99.41,0.59
2024-06,India Post Payments Bank Ltd,6.01,99.98,0.02
2024-06,Federal Bank Ltd.,5.80,97.94,2.04
2024-06,One Mobikwik Systems Pvt - Ltd,3.62,100.00,0.00
2024-06,Garagepreneurs Internet Private Limited,3.64,100.00,0.00
2024-06,Yes bank Ltd.,7968.92,93.44,6.41
2024-06,AXIS Bank Ltd.,2412.86,94.54,5.29
2024-06,ICICI Bank Ltd.,1497.20,93.83,6.02
2024-06,State bank Of India,840.24,94.54,5.31
2024-06,HDFC Bank Ltd.,766.45,94.65,5.23
2024-06,Federal Bank Ltd.,319.03,96.91,2.95
2024-06,Cosmos Bank,81.64,90.00,9.83
2024-06,Indusind Bank Ltd.,71.72,94.25,5.62
2024-06,Airtel Payments Bank Ltd,64.33,94.82,5.05
2024-06,RBL Bank Ltd.,51.96,93.72,6.01
2024-06,Canara Bank,45.37,96.48,3.39
2024-06,Kotak Mahindra Bank Ltd,40.95,95.35,4.48
2024-06,One Mobikwik Systems Pvt - Ltd,36.26,96.49,3.39
2024-06,Indian Bank,29.60,93.07,6.76
2024-06,Fino Payments Bank Ltd.,28.43,90.38,9.46
2024-05,YES BANK LTD,5297.04,92.93,6.98
2024-05,AXIS BANK LTD,4029.90,94.30,5.60
2024-05,ICICI BANK,2756.94,93.97,5.93
2024-05,STATE BANK OF INDIA,1360.48,95.85,4.09
2024-05,HDFC BANK LTD,1280.26,95.39,4.53
2024-05,TRI O TECH SOLUTIONS PRIVATE LIMITED,50.10,100.00,0.00
2024-05,KOTAK MAHINDRA BANK,43.65,100.00,0.00
2024-05,BHIM,27.76,93.44,6.42
2024-05,AIRTEL PAYMENTS BANK,17.95,96.34,3.62
2024-05,RBL BANK,7.99,95.79,4.13
2024-05,IDBI BANK LTD,7.49,99.21,0.78
2024-05,FEDERAL BANK,6.09,97.89,2.09
2024-05,INDIA POST PAYMENT BANK,5.68,99.97,0.03
2024-05,GARAGEPRENEURS INTERNET PRIVATE LIMITED,4.86,100.00,0.00
2024-05,CANARA BANK,3.49,95.50,4.13
2024-05,YES BANK LTD,8057.45,93.67,6.24
2024-05,AXIS BANK LTD,2436.30,94.55,5.35
2024-05,ICICI BANK,1521.86,93.86,6.05
2024-05,STATE BANK OF INDIA,867.88,94.46,5.46
2024-05,HDFC BANK LTD,754.96,95.00,4.93
2024-05,FEDERAL BANK,322.26,96.99,2.94
2024-05,AIRTEL PAYMENTS BANK,72.58,94.87,5.05
2024-05,COSMOS BANK,71.19,90.83,9.03
2024-05,INDUSIND BANK,68.86,94.65,5.27
2024-05,RBL BANK,58.44,93.59,6.22
2024-05,KOTAK MAHINDRA BANK,44.14,95.29,4.61
2024-05,CANARA BANK,43.17,96.54,3.39
2024-05,INDIAN BANK,40.65,91.95,7.90
2024-05,ONE MOBIKWIK SYSTEMS LIMITED,32.82,96.55,3.36
2024-05,FINO PAYMENTS BANK LIMITED,26.47,91.26,8.62
2024-04,YES BANK LTD,5118.50,92.73,7.10
2024-04,AXIS BANK LTD.,3794.19,94.05,5.75
2024-04,ICICI BANK,2627.42,93.80,6.01
2024-04,STATE BANK OF INDIA,1231.71,95.71,4.18
2024-04,HDFC BANK LTD,1215.36,95.24,4.63
2024-04,TRI O TECH SOLUTIONS PRIVATE LIMITED,46.64,100.00,0.00
2024-04,KOTAK MAHINDRA BANK,41.81,100.00,0.00
2024-04,BHIM,27.42,92.90,6.85
2024-04,AIRTEL PAYMENTS BANK,16.92,95.70,4.22
2024-04,IDBI BANK LIMITED,6.85,99.12,0.87
2024-04,FEDERAL BANK,6.28,97.90,2.08
2024-04,RBL Bank,6.28,95.22,4.61
2024-04,INDIA POST PAYMENT BANK,5.09,99.98,0.02
2024-04,GARAGEPRENEURS INTERNET PRIVATE LIMITED,3.88,100.00,0.00
2024-04,CANARA BANK,3.36,95.42,4.23
2024-04,YES BANK LTD,7639.57,93.55,6.28
2024-04,AXIS BANK LTD.,2174.25,94.11,5.71
2024-04,ICICI BANK,1461.34,93.53,6.29
2024-04,STATE BANK OF INDIA,787.30,94.19,5.68
2024-04,HDFC BANK LTD,726.18,94.85,4.99
2024-04,FEDERAL BANK,306.19,96.74,3.10
2024-04,AIRTEL PAYMENTS BANK,70.51,94.75,5.11
2024-04,INDUSIND BANK,65.36,94.53,5.31
2024-04,COSMOS BANK,61.64,90.73,9.08
2024-04,RBL BANK,61.54,93.30,6.45
2024-04,KOTAK MAHINDRA BANK,44.53,94.67,5.13
2024-04,CANARA BANK,41.68,96.45,3.41
2024-04,INDIAN BANK,37.22,92.12,7.66
2024-04,ONE MOBIKWIK SYSTEMS LIMITED,26.80,96.47,3.39
2024-04,TRI O TECH SOLUTIONS PRIVATE LIMITED,23.65,92.74,7.05
2024-03,YES BANK LTD,3895.71,93.70,6.18
2024-03,AXIS BANK LTD.,3723.05,94.37,5.48
2024-03,ICICI BANK,2690.47,94.21,5.65
2024-03,PAYTM PAYMENTS BANK,1321.44,91.61,8.26
2024-03,STATE BANK OF INDIA,1255.46,95.77,4.15
2024-03,HDFC BANK LTD,1196.05,95.43,4.45
2024-03,TRI O TECH SOLUTIONS PRIVATE LIMITED,43.69,100.00,0.00
2024-03,KOTAK MAHINDRA BANK,39.38,100.00,0.00
2024-03,BHIM,32.08,93.66,6.17
2024-03,AIRTEL PAYMENTS BANK,16.43,95.22,4.72
2024-03,INDIA POST PAYMENT BANK,6.82,99.97,0.03
2024-03,IDFC First Bank,6.80,99.19,0.81
2024-03,RBL Bank,5.70,95.02,4.84
2024-03,CANARA BANK,3.43,95.23,4.45
2024-03,DEUTSCHE BANK CORP,3.28,100.00,0.00
2024-03,YES BANK LTD,4802.48,93.60,6.27
2024-03,PAYTM PAYMENTS BANK,2881.30,94.85,5.03
2024-03,AXIS BANK LTD.,2152.41,94.29,5.56
2024-03,ICICI BANK,1513.39,93.75,6.11
2024-03,STATE BANK OF INDIA,820.84,94.10,5.78
2024-03,HDFC BANK LTD,748.87,95.06,4.83
2024-03,FEDERAL BANK,299.60,96.81,3.07
2024-03,JUSPAY TECHNOLOGIES PVT LTD,222.05,95.89,3.99
2024-03,INDUSIND BANK,72.39,95.12,4.75
2024-03,AIRTEL PAYMENTS BANK,48.95,93.83,6.04
2024-03,RBL Bank,45.77,92.34,7.42
2024-03,COSMOS BANK,44.71,90.54,9.29
2024-03,KOTAK MAHINDRA BANK,44.60,94.79,4.94
2024-03,INDIAN BANK,40.25,92.21,7.62
2024-03,CANARA BANK,40.20,96.50,3.40
2024-02,YES BANK LTD,3451.77,94.46,5.35
2024-02,AXIS BANK LTD.,3208.19,94.73,5.08
2024-02,ICICI BANK,2400.25,94.67,5.11
2024-02,PAYTM PAYMENTS BANK,1346.19,93.20,6.64
2024-02,HDFC BANK LTD,1097.67,95.62,4.24
2024-02,STATE BANK OF INDIA,1082.21,95.73,4.17
2024-02,BHIM,60.32,93.11,6.69
2024-02,TRI O TECH SOLUTIONS PRIVATE LIMITED,37.89,100.00,0.00
2024-02,KOTAK MAHINDRA BANK,31.70,100.00,0.00
2024-02,AIRTEL PAYMENTS BANK,14.84,94.71,5.18
2024-02,RBL Bank,6.26,95.82,4.04
2024-02,IDFC First Bank,6.02,99.12,0.87
2024-02,INDIA POST PAYMENT BANK,5.38,99.97,0.03
2024-02,STANDARD CHARTERED,4.02,100.00,0.00
2024-02,FEDERAL BANK,3.62,98.80,1.19
2024-02,YES BANK LTD,4134.84,94.69,5.13
2024-02,PAYTM PAYMENTS BANK,2845.89,95.39,4.42
2024-02,AXIS BANK LTD.,1914.51,94.32,5.50
2024-02,ICICI BANK,1386.09,93.81,6.02
2024-02,STATE BANK OF INDIA,679.60,94.13,5.72
2024-02,HDFC BANK LTD,636.88,94.95,4.89
2024-02,FEDERAL BANK,248.51,96.78,3.05
2024-02,INDUSIND BANK,76.56,94.90,4.91
2024-02,RBL Bank,48.29,91.36,8.43
2024-02,COSMOS BANK,44.02,90.24,9.53
2024-02,BHIM,37.98,96.78,3.16
2024-02,AIRTEL PAYMENTS BANK,35.36,93.80,6.03
2024-02,CANARA BANK,31.60,96.56,3.30
2024-02,KOTAK MAHINDRA BANK,31.35,95.26,4.53
2024-02,INDIAN BANK,29.93,92.62,7.16
2024-01,YES BANK LTD,3419.78,94.65,5.21
2024-01,AXIS BANK LTD.,3183.17,94.91,4.93
2024-01,ICICI BANK,2320.91,94.82,4.99
2024-01,PAYTM PAYMENTS BANK,1543.98,93.73,6.12
2024-01,HDFC BANK LTD,1146.07,95.81,4.07
2024-01,STATE BANK OF INDIA,1088.91,95.73,4.18
2024-01,TRI O TECH SOLUTIONS PRIVATE LIMITED,36.62,100.00,0.00
2024-01,BHIM,31.82,94.20,5.67
2024-01,KOTAK MAHINDRA BANK,28.42,100.00,0.00
2024-01,AIRTEL PAYMENTS BANK,14.13,93.67,6.22
2024-01,RBL Bank,6.46,96.06,3.81
2024-01,IDFC First Bank,5.77,99.21,0.78
2024-01,FEDERAL BANK,5.42,98.44,1.55
2024-01,INDIA POST PAYMENT BANK,4.69,99.98,0.02
2024-01,DEUTSCHE BANK CORP,3.87,100.00,0.00
2024-01,YES BANK LTD,4044.35,94.81,5.04
2024-01,PAYTM PAYMENTS BANK,3141.54,95.68,4.17
2024-01,AXIS BANK LTD.,1696.08,94.20,5.63
2024-01,ICICI BANK,1408.71,93.92,5.92
2024-01,STATE BANK OF INDIA,637.86,94.43,5.44
2024-01,HDFC BANK LTD,627.74,95.04,4.84
2024-01,FEDERAL BANK,231.87,96.82,3.04
2024-01,INDUSIND BANK,69.20,95.19,4.68
2024-01,RBL Bank,56.69,90.97,8.80
2024-01,COSMOS BANK,43.80,90.19,9.60
2024-01,KOTAK MAHINDRA BANK,28.77,95.25,4.61
2024-01,INDIAN BANK,29.15,92.06,7.72
2024-01,CANARA BANK,27.55,96.63,3.26
2024-01,AIRTEL PAYMENTS BANK,25.58,93.62,6.22
2024-01,TRI O TECH SOLUTIONS PRIVATE LIMITED,18.29,93.24,6.52
2023-12,YES BANK LTD,3445.89,94.66,5.22
2023-12,AXIS BANK LTD.,3095.94,94.93,4.95
2023-12,ICICI BANK,2325.23,94.83,5.04
2023-12,PAYTM PAYMENTS BANK,1542.33,93.87,6.00
2023-12,HDFC BANK LTD,1124.24,95.79,4.12
2023-12,STATE BANK OF INDIA,990.39,95.58,4.36
2023-12,TRI O TECH SOLUTIONS PRIVATE LIMITED,34.24,100.00,0.00
2023-12,KOTAK MAHINDRA BANK,26.48,100.00,0.00
2023-12,BHIM,25.74,94.40,5.47
2023-12,AIRTEL PAYMENTS BANK,13.24,92.57,7.35
2023-12,FEDERAL BANK,6.07,98.09,1.86
2023-12,IDFC First Bank,5.61,99.21,0.78
2023-12,INDIA POST PAYMENT BANK,4.88,99.96,0.04
2023-12,RBL Bank,4.52,95.38,4.50
2023-12,DEUTSCHE BANK CORP,3.68,100.00,0.00
2023-12,YES BANK LTD,4038.99,94.86,5.02
2023-12,PAYTM PAYMENTS BANK,3120.84,95.72,4.17
2023-12,AXIS BANK LTD.,1671.49,94.41,5.46
2023-12,ICICI BANK,1444.29,93.91,5.97
2023-12,HDFC BANK LTD,683.37,94.91,5.00
2023-12,STATE BANK OF INDIA,628.41,94.75,5.16
2023-12,FEDERAL BANK,222.45,96.80,3.09
2023-12,INDUSIND BANK,75.01,94.03,5.83
2023-12,RBL Bank,49.91,89.74,10.06
2023-12,COSMOS BANK,35.39,87.08,12.69
2023-12,KOTAK MAHINDRA BANK,26.91,95.30,4.60
2023-12,INDIAN BANK,26.59,92.33,7.47
2023-12,CANARA BANK,25.32,96.69,3.23
2023-12,IDFC First Bank,23.60,92.35,7.51
2023-12,AIRTEL PAYMENTS BANK,22.10,92.68,7.20
2023-11,YES BANK LTD,3511.25,94.97,4.95
2023-11,AXIS BANK LTD.,2610.39,95.16,4.75
2023-11,ICICI BANK,2077.75,95.12,4.79
2023-11,PAYTM PAYMENTS BANK,1451.32,94.11,5.80
2023-11,HDFC BANK LTD,1044.71,96.04,3.89
2023-11,STATE BANK OF INDIA,983.74,95.70,4.26
2023-11,TRI O TECH SOLUTIONS PRIVATE LIMITED,28.43,100.00,0.00
2023-11,KOTAK MAHINDRA BANK,23.97,100.00,0.00
2023-11,BHIM,24.75,94.88,5.02
2023-11,AIRTEL PAYMENTS BANK,11.95,92.59,7.35
2023-11,FEDERAL BANK,5.61,98.19,1.79
2023-11,INDIA POST PAYMENT BANK,5.27,99.98,0.02
2023-11,IDFC FIRST Bank,5.21,98.99,1.00
2023-11,STANDARD CHARTERED,4.39,100.00,0.00
2023-11,RBL Bank Ltd,4.07,95.85,4.09
2023-11,Yes Bank Ltd,3895.63,95.06,4.86
2023-11,PayTM Payments Bank Ltd,2876.53,95.86,4.06
2023-11,Axis Bank Ltd,1473.31,94.65,5.26
2023-11,ICICI Bank,1367.32,94.30,5.62
2023-11,HDFC Bank Ltd,628.18,95.16,4.77
2023-11,State Bank Of India,580.84,95.02,4.91
2023-11,Federal Bank,199.54,96.90,3.04
2023-11,INDIAN Bank,76.60,93.91,5.98
2023-11,RBL Bank,39.40,91.86,8.00
2023-11,Kotak Mahindra Bank,28.13,95.06,4.83
2023-11,IDFC FIRST Bank,26.61,92.29,7.54
2023-11,Cosmos Bank,24.88,90.84,8.96
2023-11,Canara Bank,22.04,96.69,3.25
2023-11,Indian Bank,21.35,92.91,6.95
2023-11,Airtel Payments Bank,20.10,91.92,7.96
2023-10,Yes Bank Ltd,3691.75,98.95,1.04
2023-10,Axis Bank Ltd,2269.64,98.96,1.03
2023-10,ICICI Bank,2151.88,99.02,0.98
2023-10,Paytm Payments Bank,1439.34,98.79,1.21
2023-10,HDFC Bank Ltd,1029.19,99.05,0.95
2023-10,State Bank Of India,815.90,98.45,1.55
2023-10,Fampay (PPI),27.98,98.46,1.54
2023-10,BHIM,27.00,95.32,4.67
2023-10,Kotak Mahindra Bank,24.19,98.52,1.47
2023-10,Airtel Payments Bank,11.53,98.13,1.81
2023-10,Standard Chartered,7.03,99.87,0.13
2023-10,Federal Bank,6.00,98.13,1.87
2023-10,India Post Payment Bank,5.62,98.67,1.31
2023-10,IDFC FIRST Bank,5.55,98.14,1.86
2023-10,RBL Bank,3.70,98.53,1.46
2023-10,Yes Bank Ltd,3874.42,99.74,0.25
2023-10,Paytm Payments Bank,2868.53,99.60,0.39
2023-10,ICICI Bank,1324.05,99.36,0.61
2023-10,Axis Bank Ltd,1274.76,99.56,0.40
2023-10,HDFC Bank Ltd,644.52,99.37,0.62
2023-10,State Bank Of India,498.49,99.21,0.69
2023-10,Federal Bank,208.16,95.46,4.54
2023-10,IndusInd Bank,69.70,98.31,0.88
2023-10,Kotak Mahindra Bank,40.33,99.36,0.51
2023-10,IDFC FIRST Bank,26.91,99.26,0.46
2023-10,RBL Bank,22.18,96.42,2.94
2023-10,Indian Bank,21.13,99.45,0.51
2023-10,Canara Bank,19.83,96.88,3.07
2023-10,Airtel Payments Bank,19.09,99.49,0.13
2023-10,Cosmos Bank,16.44,98.00,1.73
2023-09,Yes Bank Ltd,3454.56,98.37,1.61
2023-09,Axis Bank Ltd,2052.67,98.49,1.49
2023-09,ICICI Bank,1889.52,98.30,1.68
2023-09,Paytm Payments Bank,1353.31,98.49,1.49
2023-09,HDFC Bank Ltd,901.08,98.40,1.57
2023-09,State Bank Of India,889.49,98.86,1.12
2023-09,BHIM,25.28,91.38,8.58
2023-09,Fampay (PPI),23.20,96.59,3.41
2023-09,Kotak Mahindra Bank,21.92,95.48,4.35
2023-09,Airtel Payments Bank,10.66,94.93,5.06
2023-09,Federal Bank,5.63,97.16,2.82
2023-09,India Post Payment Bank,5.35,93.65,6.31
2023-09,IDFC FIRST Bank,4.67,95.37,4.03
2023-09,RBL Bank,2.71,99.95,0.05
2023-09,Standard Chartered,2.04,98.55,1.43
2023-09,Yes Bank Ltd,3576.59,99.77,0.22
2023-09,Paytm Payments Bank,2642.59,99.53,0.45
2023-09,ICICI Bank,1226.53,99.53,0.44
2023-09,Axis Bank Ltd,1164.83,99.53,0.45
2023-09,HDFC Bank Ltd,581.25,99.09,0.79
2023-09,State Bank Of India,498.93,99.38,0.56
2023-09,Federal Bank,184.36,98.31,1.69
2023-09,IndusInd Bank,51.09,97.45,1.93
2023-09,Kotak Mahindra Bank,35.54,99.49,0.43
2023-09,IDFC FIRST Bank,33.96,98.99,0.62
2023-09,Indian Bank,20.95,97.78,1.46
2023-09,Fino Payments Bank,18.20,99.70,0.17
2023-09,Canara Bank,16.64,99.70,0.28
2023-09,RBL Bank,16.57,96.56,2.83
2023-09,Cosmos Bank,15.53,97.35,1.92
2023-08,Yes Bank Ltd,3548.89,98.62,1.38
2023-08,Axis Bank Ltd,1984.84,98.49,1.51
2023-08,ICICI Bank,1834.95,98.57,1.43
2023-08,Paytm Payments Bank,1386.27,98.50,1.49
2023-08,State Bank Of India,985.73,98.40,1.60
2023-08,HDFC Bank Ltd,885.37,98.59,1.41
2023-08,BHIM,26.23,93.82,6.16
2023-08,Kotak Mahindra Bank,21.56,98.18,1.82
2023-08,Fampay (PPI),20.57,98.54,1.45
2023-08,Airtel Payments Bank,10.46,97.53,2.42
2023-08,Federal Bank,5.82,98.06,1.93
2023-08,India Post Payment Bank,5.64,98.45,1.55
2023-08,IDFC FIRST Bank,4.66,97.92,2.07
2023-08,Standard Chartered,3.60,99.78,0.22
2023-08,RBL Bank,2.45,98.32,1.67
2023-08,Yes Bank Ltd,3608.70,99.67,0.32
2023-08,Paytm Payments Bank,2657.59,99.66,0.33
2023-08,ICICI Bank,1215.47,99.41,0.58
2023-08,Axis Bank Ltd,1146.11,99.33,0.61
2023-08,HDFC Bank Ltd,599.32,99.03,0.79
2023-08,State Bank Of India,497.09,99.39,0.53
2023-08,Federal Bank,181.99,97.48,2.04
2023-08,IndusInd Bank,52.28,94.70,3.90
2023-08,Kotak Mahindra Bank,35.56,99.04,0.59
2023-08,IDFC FIRST Bank,30.81,99.12,0.59
2023-08,Indian Bank,24.28,99.61,0.27
2023-08,Fino Payments Bank,16.15,99.60,0.34
2023-08,Canara Bank,15.27,99.66,0.31
2023-08,Airtel Payments Bank,14.99,99.38,0.12
2023-08,Cosmos Bank,14.61,97.14,2.14
2023-07,Yes Bank Ltd,3475.05,98.47,1.53
2023-07,Axis Bank Ltd,1814.41,98.32,1.67
2023-07,ICICI Bank,1642.83,98.43,1.57
2023-07,Paytm Payments Bank,1302.04,98.38,1.62
2023-07,State Bank Of India,967.58,98.13,1.87
2023-07,HDFC Bank Ltd,815.96,98.49,1.50
2023-07,BHIM,26.31,94.78,5.20
2023-07,Kotak Mahindra Bank,19.02,97.58,2.40
2023-07,Fampay (PPI),17.07,98.34,1.66
2023-07,Airtel Payments Bank,9.93,97.20,2.74
2023-07,India Post Payment Bank,5.53,98.21,1.79
2023-07,Federal Bank,5.32,97.55,2.44
2023-07,IDFC FIRST Bank,4.49,97.19,2.77
2023-07,Standard Chartered,4.15,99.79,0.21
2023-07,RBL Bank,2.40,97.99,2.00
2023-07,Yes Bank Ltd,3432.56,99.66,0.30
2023-07,Paytm Payments Bank,2469.97,99.61,0.37
2023-07,ICICI Bank,1169.26,99.48,0.47
2023-07,Axis Bank Ltd,1063.59,99.45,0.52
2023-07,HDFC Bank Ltd,552.11,99.25,0.67
2023-07,State Bank Of India,473.74,99.32,0.60
2023-07,Federal Bank,166.71,98.48,1.32
2023-07,IndusInd Bank,49.09,98.74,0.74
2023-07,Kotak Mahindra Bank,32.00,99.14,0.51
2023-07,IDFC FIRST Bank,25.61,95.01,2.32
2023-07,Indian Bank,18.40,98.17,1.58
2023-07,Airtel Payments Bank,15.20,98.46,0.49
2023-07,Canara Bank,14.88,99.05,0.81
2023-07,Cosmos Bank,14.21,94.80,5.00
2023-07,Fino Payments Bank,12.36,97.74,1.82
2023-06,Yes Bank Ltd,3318.70,98.64,0.04
2023-06,Axis Bank Ltd,1657.48,98.48,0.01
2023-06,ICICI Bank,1416.23,98.58,0.01
2023-06,Paytm Payments Bank,1219.59,98.34,0.00
2023-06,State Bank Of India,1013.07,98.56,0.00
2023-06,HDFC Bank Ltd,747.72,98.03,0.02
2023-06,Kotak Mahindra Bank,17.76,97.88,0.00
2023-06,Fampay (PPI),15.23,98.40,0.00
2023-06,Airtel Payments Bank,9.08,97.36,0.04
2023-06,IDFC FIRST Bank,6.53,98.37,0.01
2023-06,Federal Bank,4.98,97.55,0.08
2023-06,India Post Payment Bank,4.92,98.15,0.01
2023-06,RBL Bank,2.17,98.35,0.01
2023-06,Deutsche Bank,1.81,99.93,0.00
2023-06,Canara Bank,1.66,94.75,0.01
2023-06,Yes Bank Ltd,3265.06,99.75,0.23
2023-06,Paytm Payments Bank,2305.56,99.60,0.37
2023-06,Axis Bank Ltd,1096.89,99.42,0.55
2023-06,ICICI Bank,1029.20,99.07,0.89
2023-06,HDFC Bank Ltd,468.94,99.14,0.82
2023-06,State Bank Of India,426.62,99.51,0.45
2023-06,Federal Bank,157.65,95.80,3.46
2023-06,IndusInd Bank,50.30,98.49,0.79
2023-06,Kotak Mahindra Bank,29.50,99.40,0.36
2023-06,Cosmos Bank,22.42,93.25,6.34
2023-06,IDFC FIRST Bank,21.66,84.43,6.84
2023-06,Airtel Payments Bank,15.90,98.11,1.10
2023-06,Canara Bank,10.97,98.90,0.89
2023-06,Indian Bank,10.35,96.83,2.72
2023-06,Citibank,9.80,99.18,0.71
2023-05,Yes Bank Ltd,3322.19,98.77,1.22
2023-05,ICICI Bank,1732.56,98.78,1.21
2023-05,Axis Bank Ltd,1340.63,98.51,1.48
2023-05,Paytm Payments Bank,1257.01,98.16,1.83
2023-05,State Bank Of India,1019.30,98.72,1.27
2023-05,HDFC Bank Ltd,773.58,98.74,1.26
2023-05,Kotak Mahindra Bank,16.61,98.15,1.85
2023-05,Fampay (PPI),13.98,98.55,1.45
2023-05,Airtel Payments Bank,9.40,97.47,2.51
2023-05,IDFC FIRST Bank,8.71,98.76,1.24
2023-05,Federal Bank,5.35,95.86,2.03
2023-05,India Post Payment Bank,5.11,98.48,1.51
2023-05,RBL Bank,2.12,98.56,1.44
2023-05,Deutsche Bank,1.89,99.94,0.06
2023-05,Jio Payments Bank,1.63,95.92,3.70
2023-05,Yes Bank Ltd,3328.92,99.80,0.18
2023-05,Paytm Payments Bank,2250.43,99.73,0.26
2023-05,Axis Bank Ltd,1169.78,99.41,0.57
2023-05,ICICI Bank,1053.11,99.23,0.68
2023-05,HDFC Bank Ltd,439.53,99.27,0.69
2023-05,State Bank Of India,398.39,99.45,0.49
2023-05,Federal Bank,154.48,98.81,1.00
2023-05,IndusInd Bank,47.25,98.23,0.88
2023-05,Kotak Mahindra Bank,40.28,99.32,0.55
2023-05,Cosmos Bank,24.05,95.12,4.51
2023-05,RBL Bank,28.27,99.66,0.33
2023-05,Airtel Payments Bank,18.61,97.38,2.20
2023-05,IDFC FIRST Bank,17.88,96.85,2.02
2023-05,Citibank,9.97,99.25,0.71
2023-05,Canara Bank,9.55,99.37,0.57
2023-04,Yes Bank Ltd,3144.79,98.73,1.27
2023-04,ICICI Bank,1460.93,98.80,1.20
2023-04,Axis Bank Ltd,1443.01,98.63,1.37
2023-04,Paytm Payments Bank,1210.88,98.58,1.40
2023-04,State Bank Of India,939.75,98.80,1.19
2023-04,HDFC Bank Ltd,715.30,98.84,1.16
2023-04,Kotak Mahindra Bank,14.24,98.15,1.85
2023-04,IDFC FIRST Bank,12.84,99.06,0.94
2023-04,FamPay PPI,11.99,98.21,1.79
2023-04,Airtel Payments Bank,9.41,96.07,3.89
2023-04,India Post Payment Bank,5.32,98.47,1.53
2023-04,Federal Bank,5.30,98.08,1.92
2023-04,RBL Bank,2.42,98.79,1.21
2023-04,Deutsche Bank,1.65,99.95,0.05
2023-04,Jio Payments Bank,1.56,95.10,4.22
2023-04,Yes Bank Ltd,3179.83,99.75,0.21
2023-04,Paytm Payments Bank,2097.58,99.44,0.26
2023-04,Axis Bank Ltd,1109.13,99.28,0.68
2023-04,ICICI Bank,1003.20,99.48,0.47
2023-04,HDFC Bank Ltd,407.42,99.13,0.82
2023-04,State Bank Of India,379.74,99.25,0.48
2023-04,Federal Bank,143.53,98.63,1.07
2023-04,IndusInd Bank,43.48,97.73,1.27
2023-04,Kotak Mahindra Bank,40.35,99.56,0.32
2023-04,RBL Bank,30.12,99.68,0.21
2023-04,Cosmos Bank,21.91,97.60,2.36
2023-04,Airtel Payments Bank,19.93,98.83,0.64
2023-04,IDFC FIRST Bank,18.84,95.43,2.32
2023-04,Citibank,13.13,94.90,3.14
2023-04,Bank of Baroda,8.50,87.11,0.38
2023-03,Yes Bank Ltd,3027.01,98.69,1.30
2023-03,Axis Bank Ltd,1563.99,98.72,1.28
2023-03,ICICI Bank,1331.47,98.77,1.23
2023-03,Paytm Payments Bank,1199.41,98.64,1.35
2023-03,State Bank Of India,941.76,98.76,1.24
2023-03,HDFC Bank Ltd,635.41,98.80,1.20
2023-03,IDFC FIRST Bank,14.40,98.21,1.78
2023-03,Kotak Mahindra Bank,14.04,98.09,1.90
2023-03,Airtel Payments Bank,11.07,96.25,3.70
2023-03,Federal Bank,5.40,98.09,1.89
2023-03,India Post Payment Bank,4.52,98.28,1.72
2023-03,RBL Bank,2.53,98.81,1.19
2023-03,Jio Payments Bank,1.76,95.74,3.71
2023-03,Deutsche Bank,1.73,99.94,0.06
2023-03,Canara Bank,1.45,95.54,4.45
2023-03,Yes Bank Ltd,3113.51,99.31,0.59
2023-03,Paytm Payments Bank,2027.97,99.59,0.38
2023-03,Axis Bank Ltd,1055.15,99.18,0.77
2023-03,ICICI Bank,1012.61,99.25,0.71
2023-03,HDFC Bank Ltd,406.61,99.04,0.94
2023-03,State Bank Of India,393.82,99.21,0.67
2023-03,Federal Bank,139.72,97.09,2.39
2023-03,IndusInd Bank,44.06,98.15,1.42
2023-03,Kotak Mahindra Bank,33.89,98.96,0.68
2023-03,Cosmos Bank,25.21,97.39,2.41
2023-03,Airtel Payments Bank,20.64,98.72,0.39
2023-03,IDFC FIRST Bank,17.16,89.33,8.06
2023-03,Citibank,14.03,99.07,0.77
2023-03,Bank of Baroda,8.58,87.79,0.34
2023-03,Canara Bank,8.03,99.61,0.35
2023-02,Yes Bank Ltd,2647.71,98.19,1.56
2023-02,Axis Bank Ltd,1406.78,98.26,1.53
2023-02,ICICI Bank,1195.11,98.31,1.46
2023-02,Paytm Payments Bank,1058.33,98.17,1.59
2023-02,State Bank Of India,672.74,98.17,1.59
2023-02,HDFC Bank Ltd,596.39,98.47,1.33
2023-02,IDFC FIRST Bank,23.00,97.51,2.47
2023-02,Kotak Mahindra Bank,12.37,97.76,2.24
2023-02,Airtel Payments Bank,9.11,95.63,4.26
2023-02,Federal Bank,4.92,97.44,2.40
2023-02,India Post Payment Bank,4.14,97.76,2.22
2023-02,RBL Bank,2.29,98.88,1.07
2023-02,Jio Payments Bank,1.58,94.85,4.50
2023-02,Deutsche Bank,1.32,99.94,0.06
2023-02,Bank of Baroda,1.28,89.14,10.52
2023-02,Yes Bank Ltd,2728.98,99.45,0.54
2023-02,Paytm Payments Bank,1734.74,99.56,0.43
2023-02,Axis Bank Ltd,915.58,98.99,1.00
2023-02,ICICI Bank,882.18,99.55,0.43
2023-02,HDFC Bank Ltd,351.19,98.99,0.99
2023-02,State Bank Of India,333.55,98.94,0.86
2023-02,Federal Bank,115.80,97.62,1.94
2023-02,IndusInd Bank,34.53,98.29,1.58
2023-02,Kotak Mahindra Bank,28.51,99.17,0.82
2023-02,IDFC FIRST Bank,22.78,89.05,10.24
2023-02,Airtel Payments Bank,21.85,97.65,1.39
2023-02,Cosmos Bank,21.77,77.80,19.86
2023-02,Citibank,11.24,98.68,1.00
2023-02,Bank of Baroda,7.51,86.93,12.49
2023-02,Canara Bank,6.68,99.19,0.79
2023-01,Yes Bank Ltd,2824.37,98.58,1.41
2023-01,Axis Bank Ltd,1479.23,98.59,1.40
2023-01,ICICI Bank,1252.34,98.66,1.30
2023-01,Paytm Payments Bank,1100.84,98.56,1.43
2023-01,State Bank Of India,710.82,98.41,1.57
2023-01,HDFC Bank Ltd,686.19,98.93,1.06
2023-01,IDFC FIRST Bank,24.84,98.21,1.78
2023-01,Kotak Mahindra Bank,12.41,97.80,2.19
2023-01,Airtel Payments Bank,10.12,96.48,3.48
2023-01,India Post Payment Bank,5.53,98.15,1.84
2023-01,Federal Bank,4.88,97.60,2.35
2023-01,RBL Bank,1.85,98.56,1.44
2023-01,Jio Payments Bank,1.67,95.20,4.47
2023-01,Deutsche Bank,1.32,99.94,0.06
2023-01,Bank of Baroda,1.22,90.02,9.97
2023-01,Yes Bank Ltd,2932.04,99.58,0.38
2023-01,Paytm Payments Bank,1822.61,99.76,0.23
2023-01,Axis Bank Ltd,973.07,99.12,0.79
2023-01,ICICI Bank,920.02,99.06,0.92
2023-01,HDFC Bank Ltd,377.04,99.14,0.85
2023-01,State Bank Of India,372.77,99.08,0.78
2023-01,Federal Bank,119.24,99.75,0.23
2023-01,IndusInd Bank,33.06,97.45,1.53
2023-01,Kotak Mahindra Bank,30.26,99.06,0.78
2023-01,Airtel Payments Bank,27.65,97.58,1.53
2023-01,IDFC FIRST Bank,21.55,97.12,1.82
2023-01,Cosmos Bank,15.89,93.33,5.09
2023-01,Citibank,12.49,98.76,0.92
2023-01,Bank of Baroda,7.17,98.48,1.13
2023-01,Canara Bank,6.84,99.33,0.58
