period,bank,total_volume_mn,approved_pct,bd_pct,td_pct
2025-08,State Bank of India,5368.74,93.66,5.92,0.42
2025-08,HDFC Bank Ltd.,1581.09,95.37,4.63,0.01
2025-08,Bank of Baroda,1369.53,91.44,8.50,0.05
2025-08,Union Bank of India,1233.20,92.23,7.02,0.75
2025-08,Punjab National Bank,1131.31,91.20,8.61,0.19
2025-08,Kotak Mahindra Bank,978.17,92.39,7.47,0.13
2025-08,Canara Bank,970.63,92.73,6.92,0.36
2025-08,Axis Bank Ltd.,902.87,94.96,5.03,0.02
2025-08,ICICI Bank Ltd.,752.78,95.66,3.82,0.52
2025-08,India Post Payments Bank Limited,674.59,87.92,11.15,0.93
2025-08,Indian Bank,653.87,93.05,6.81,0.14
2025-08,Airtel Payments Bank Limited,637.23,85.83,14.05,0.12
2025-08,Bank Of India,605.10,88.96,6.72,4.32
2025-08,Indian Overseas Bank,330.15,92.90,6.47,0.64
2025-08,Central Bank of India,307.77,91.12,7.81,1.08
2025-08,UCO Bank,283.93,91.70,7.93,0.37
2025-08,Federal Bank Ltd.,266.43,93.11,6.30,0.59
2025-08,Fino Payments Bank Ltd.,237.47,86.17,12.42,1.42
2025-08,Bank of Maharashtra,218.97,93.57,6.37,0.06
2025-08,Indusind Bank Ltd.,216.95,90.15,9.59,0.26
2025-08,IDBI Bank Ltd.,206.69,92.78,6.38,0.83
2025-08,Yes Bank Ltd.,177.66,91.49,8.37,0.15
2025-08,Karnataka Bank,142.00,92.82,7.11,0.07
2025-08,Tri O Tech Solutions Private Limited,134.92,100.00,0.00,0.00
2025-08,IDFC Bank Ltd.,120.47,93.64,6.28,0.08
2025-08,The Jammu & Kashmir Bank Limited,99.01,93.01,5.82,1.17
2025-08,Karur Vysya Bank,95.13,92.90,6.51,0.59
2025-08,Bandhan Bank limited,92.44,94.48,5.37,0.15
2025-08,AU Small Finance Bank,79.26,88.14,9.53,2.33
2025-08,The South Indian Bank Limited,76.06,95.03,4.73,0.24
2025-08,JIO Payments Bank Ltd,61.01,84.15,12.30,3.55
2025-08,Punjab and Sind Bank,59.04,90.64,8.50,0.86
2025-08,City Union Bank,57.26,92.59,7.30,0.11
2025-08,Tamilnad Mercantile Bank Limited,55.86,92.16,6.56,1.28
2025-08,Ujjivan Small Finance Bank Limited,54.77,90.46,8.26,1.28
2025-08,Baroda U.P. Bank,53.78,87.67,4.69,7.63
2025-08,NSDL Payments Bank Limited,51.33,85.08,13.62,1.30
2025-08,Kerala Gramin Bank,50.92,90.77,6.54,2.69
2025-08,Telangana Grameena Bank,40.42,88.02,9.51,2.47
2025-08,Maharashtra Gramin Bank,38.08,83.77,13.79,2.44
2025-08,ESAF Small Finance Bank Ltd,34.96,95.92,4.01,0.08
2025-08,Karnataka Gramin Bank,34.89,88.91,9.83,1.26
2025-08,Rajasthan Marudhara Gramin Bank,32.73,85.57,11.74,2.69
2025-08,RBL Bank Ltd.,32.15,92.71,6.73,0.56
2025-08,Andhra Pragathi Grameena Bank,32.07,83.11,13.12,3.77
2025-08,DBS Bank India Limited,31.37,92.08,6.44,1.48
2025-08,Saraswat Co-operative Bank,30.02,94.06,4.57,1.37
2025-08,Equitas Small Finance Bank,29.43,91.02,8.64,0.33
2025-08,Axis Bank Credit Card,28.41,95.02,4.91,0.08
2025-08,Sarva Haryana Gramin Bank,26.50,92.03,4.46,3.51
2025-07,State Bank of India,5214.74,93.22,6.17,0.61
2025-07,HDFC Bank Ltd.,1543.98,95.16,4.76,0.08
2025-07,Bank of Baroda,1328.01,90.70,9.08,0.22
2025-07,Union Bank of India,1200.25,92.81,6.98,0.20
2025-07,Punjab National Bank,1106.80,91.41,8.39,0.19
2025-07,Kotak Mahindra Bank,960.38,92.29,7.69,0.02
2025-07,Canara Bank,942.67,92.65,7.11,0.24
2025-07,Axis Bank Ltd.,875.50,94.64,5.33,0.04
2025-07,ICICI Bank Ltd.,735.99,96.08,3.89,0.02
2025-07,India Post Payments Bank Limited,637.61,88.72,11.16,0.12
2025-07,Indian Bank,631.57,92.54,7.21,0.25
2025-07,Airtel Payments Bank Limited,615.75,85.84,14.06,0.11
2025-07,Bank Of India,606.19,91.22,6.34,2.44
2025-07,Indian Overseas Bank,322.83,91.31,7.92,0.76
2025-07,Central Bank of India,292.20,91.16,8.03,0.81
2025-07,UCO Bank,273.67,91.41,8.42,0.18
2025-07,Federal Bank Ltd.,257.37,93.18,6.71,0.11
2025-07,Fino Payments Bank Ltd.,223.00,86.83,12.53,0.64
2025-07,Bank of Maharashtra,213.67,93.27,6.60,0.13
2025-07,Indusind Bank Ltd.,211.20,89.96,9.93,0.10
2025-07,IDBI Bank Ltd.,204.29,93.45,6.33,0.22
2025-07,Yes Bank Ltd.,203.24,92.22,7.68,0.11
2025-07,Karnataka Bank,140.62,92.18,7.41,0.41
2025-07,Tri O Tech Solutions Private Limited,124.55,100.00,0.00,0.00
2025-07,IDFC Bank Ltd.,118.94,93.26,6.55,0.18
2025-07,The Jammu & Kashmir Bank Limited,106.40,88.64,5.56,5.79
2025-07,Karur Vysya Bank,95.01,92.55,6.64,0.81
2025-07,Bandhan Bank limited,90.18,93.92,5.41,0.67
2025-07,AU Small Finance Bank,77.71,89.21,10.11,0.68
2025-07,The South Indian Bank Limited,72.87,94.68,5.08,0.24
2025-07,JIO Payments Bank Ltd,58.03,86.07,12.54,1.39
2025-07,Punjab and Sind Bank,57.19,90.96,8.17,0.87
2025-07,City Union Bank,56.65,92.30,7.56,0.14
2025-07,Tamilnad Mercantile Bank Limited,55.91,91.44,7.29,1.27
2025-07,Ujjivan Small Finance Bank Limited,54.99,89.92,8.92,1.16
2025-07,Baroda U.P. Bank,48.24,92.71,5.61,1.68
2025-07,Kerala Gramin Bank,46.93,91.33,7.04,1.64
2025-07,NSDL Payments Bank Limited,45.70,84.88,14.23,0.89
2025-07,Telangana Grameena Bank,40.36,88.11,10.35,1.54
2025-07,Maharashtra Gramin Bank,37.37,84.63,13.82,1.56
2025-07,Rajasthan Marudhara Gramin Bank,36.15,85.28,12.34,2.38
2025-07,Karnataka Gramin Bank,34.96,89.09,10.03,0.88
2025-07,ESAF Small Finance Bank Ltd,33.38,95.70,4.26,0.04
2025-07,Andhra Pragathi Grameena Bank,31.91,82.27,13.96,3.78
2025-07,DBS Bank India Limited,31.81,93.09,6.76,0.15
2025-07,RBL Bank Ltd.,31.22,92.43,7.09,0.48
2025-07,Equitas Small Finance Bank,30.07,91.14,8.86,0.01
2025-07,Saraswat Co-operative Bank,29.63,94.75,5.11,0.15
2025-07,Sarva Haryana Gramin Bank,26.28,94.29,4.70,1.01
2025-07,Standard Chartered Bank,23.69,95.49,4.22,0.30
2025-06,State Bank of India,4917.29,93.64,5.82,0.54
2025-06,HDFC Bank Ltd.,1472.04,95.30,4.62,0.08
2025-06,Bank of Baroda,1239.11,91.09,8.88,0.03
2025-06,Union Bank of India,1144.76,92.95,6.94,0.11
2025-06,Punjab National Bank,1053.00,92.38,7.59,0.02
2025-06,Kotak Mahindra Bank,906.50,92.48,7.49,0.04
2025-06,Canara Bank,889.37,92.85,6.83,0.32
2025-06,Axis Bank Ltd.,834.65,94.52,5.12,0.36
2025-06,ICICI Bank Ltd.,696.88,96.24,3.74,0.03
2025-06,Indian Bank,586.64,93.23,6.69,0.08
2025-06,India Post Payments Bank Limited,580.38,88.95,10.65,0.41
2025-06,Bank Of India,570.58,92.87,5.83,1.30
2025-06,Airtel Payments Bank Limited,569.33,87.08,12.52,0.40
2025-06,Indian Overseas Bank,298.47,92.76,6.78,0.45
2025-06,Central Bank of India,265.57,91.64,7.94,0.42
2025-06,UCO Bank,254.42,91.81,7.78,0.41
2025-06,Federal Bank Ltd.,242.10,93.38,6.60,0.02
2025-06,Fino Payments Bank Ltd.,209.27,87.38,11.74,0.88
2025-06,Bank of Maharashtra,200.61,93.59,6.38,0.03
2025-06,Indusind Bank Ltd.,196.57,89.94,9.41,0.64
2025-06,IDBI Bank Ltd.,193.91,93.65,6.08,0.27
2025-06,Yes Bank Ltd.,180.35,92.55,7.37,0.08
2025-06,Karnataka Bank,138.50,92.41,7.34,0.25
2025-06,Tri O Tech Solutions Private Limited,112.44,100.00,0.00,0.00
2025-06,IDFC Bank Ltd.,112.34,93.54,6.32,0.14
2025-06,The Jammu & Kashmir Bank Limited,97.27,93.34,5.92,0.73
2025-06,Karur Vysya Bank,89.99,93.12,6.59,0.29
2025-06,Bandhan Bank limited,84.89,94.23,5.28,0.49
2025-06,AU Small Finance Bank,72.91,90.35,9.61,0.04
2025-06,The South Indian Bank Limited,68.49,94.67,5.13,0.19
2025-06,Punjab and Sind Bank,55.07,91.18,7.76,1.06
2025-06,City Union Bank,52.89,92.20,7.59,0.20
2025-06,Ujjivan Small Finance Bank Limited,52.39,91.45,8.25,0.30
2025-06,Tamilnad Mercantile Bank Limited,52.32,93.04,6.81,0.15
2025-06,JIO Payments Bank Ltd,52.13,85.91,13.08,1.01
2025-06,Baroda U.P. Bank,44.19,93.21,5.56,1.23
2025-06,Kerala Gramin Bank,43.30,91.63,6.78,1.58
2025-06,Telangana Grameena Bank,41.11,87.07,10.14,2.79
2025-06,NSDL Payments Bank Limited,38.69,85.05,14.21,0.74
2025-06,Karnataka Gramin Bank,34.24,88.11,9.33,2.56
2025-06,Maharashtra Gramin Bank,34.01,86.29,12.86,0.85
2025-06,Rajasthan Marudhara Gramin Bank,33.30,86.73,11.81,1.47
2025-06,RBL Bank Ltd.,32.16,93.89,5.88,0.23
2025-06,ESAF Small Finance Bank Ltd,31.54,95.88,4.02,0.10
2025-06,DBS Bank India Limited,30.55,93.29,6.52,0.19
2025-06,Andhra Pragathi Grameena Bank,29.66,83.04,12.70,4.26
2025-06,Equitas Small Finance Bank,28.87,91.34,8.66,0.00
2025-06,Saraswat Co-operative Bank,28.21,94.61,5.30,0.08
2025-06,Sarva Haryana Gramin Bank,24.99,94.60,4.55,0.84
2025-06,Standard Chartered Bank,24.78,95.78,3.88,0.33
2025-05,State Bank of India,4972.91,93.87,5.88,0.25
2025-05,HDFC Bank Ltd.,1512.37,95.02,4.86,0.12
2025-05,Bank of Baroda,1262.84,91.27,8.64,0.09
2025-05,Union Bank of India,1168.19,93.20,6.72,0.09
2025-05,Punjab National Bank,1068.01,92.60,7.20,0.20
2025-05,Kotak Mahindra Bank,927.50,92.40,7.51,0.09
2025-05,Canara Bank,903.21,93.09,6.84,0.07
2025-05,Axis Bank Ltd.,852.60,94.85,5.15,0.00
2025-05,ICICI Bank Ltd.,713.35,96.15,3.84,0.01
2025-05,Indian Bank,593.72,92.95,6.74,0.31
2025-05,Bank Of India,587.21,92.56,6.44,0.99
2025-05,India Post Payments Bank Limited,576.10,89.08,10.71,0.21
2025-05,Airtel Payments Bank Limited,573.79,86.66,12.92,0.42
2025-05,Indian Overseas Bank,298.90,92.95,6.75,0.30
2025-05,Central Bank of India,265.24,88.88,10.60,0.52
2025-05,UCO Bank,259.36,91.65,8.20,0.15
2025-05,Federal Bank Ltd.,251.18,93.02,6.87,0.11
2025-05,Fino Payments Bank Ltd.,213.85,88.43,11.33,0.23
2025-05,Bank of Maharashtra,204.66,93.47,6.36,0.18
2025-05,Indusind Bank Ltd.,203.19,90.35,9.48,0.16
2025-05,IDBI Bank Ltd.,199.11,93.43,6.10,0.47
2025-05,Yes Bank Ltd.,175.35,92.04,7.87,0.09
2025-05,Karnataka Bank,140.77,92.33,7.45,0.21
2025-05,IDFC Bank Ltd.,113.06,93.44,6.51,0.05
2025-05,Tri O Tech Solutions Private Limited,110.06,100.00,0.00,0.00
2025-05,The Jammu & Kashmir Bank Limited,96.68,92.37,6.45,1.18
2025-05,Karur Vysya Bank,90.61,93.23,6.62,0.14
2025-05,Bandhan Bank limited,86.69,94.47,5.29,0.24
2025-05,AU Small Finance Bank,73.85,90.28,9.43,0.29
2025-05,The South Indian Bank Limited,69.84,94.78,5.11,0.11
2025-05,Punjab and Sind Bank,56.71,91.83,7.64,0.53
2025-05,City Union Bank,53.56,92.11,7.72,0.17
2025-05,Ujjivan Small Finance Bank Limited,52.91,93.19,6.62,0.19
2025-05,Tamilnad Mercantile Bank Limited,52.51,92.78,7.05,0.17
2025-05,JIO Payments Bank Ltd,52.13,83.89,15.36,0.74
2025-05,Baroda U.P. Bank,45.69,91.48,6.48,2.04
2025-05,Kerala Gramin Bank,44.18,91.81,7.17,1.02
2025-05,Telangana Grameena Bank,37.79,88.89,10.41,0.70
2025-05,RBL Bank Ltd.,35.46,93.76,5.57,0.67
2025-05,Maharashtra Gramin Bank,35.09,86.13,12.35,1.52
2025-05,NSDL Payments Bank Limited,35.02,84.06,15.48,0.45
2025-05,Karnataka Gramin Bank,34.59,89.38,9.26,1.36
2025-05,Rajasthan Marudhara Gramin Bank,32.88,86.88,12.50,0.62
2025-05,ESAF Small Finance Bank Ltd,32.02,95.76,4.06,0.19
2025-05,DBS Bank India Limited,31.69,93.36,6.53,0.12
2025-05,Equitas Small Finance Bank,30.47,91.32,8.47,0.21
2025-05,Saraswat Co-operative Bank,28.72,95.09,4.88,0.04
2025-05,Andhra Pragathi Grameena Bank,28.62,84.84,12.31,2.85
2025-05,Standard Chartered Bank,28.24,95.89,3.67,0.43
2025-05,Sarva Haryana Gramin Bank,26.07,90.17,6.96,2.87
2025-04,State Bank of India,4850.52,91.83,7.42,0.75
2025-04,HDFC Bank Ltd.,1471.20,94.26,5.74,0.00
2025-04,Bank of Baroda,1243.19,89.74,10.25,0.01
2025-04,Union Bank of India,1139.95,91.34,8.18,0.47
2025-04,Punjab National Bank,1033.60,90.90,8.74,0.36
2025-04,Kotak Mahindra Bank,917.25,90.42,9.58,0.00
2025-04,Canara Bank,876.59,91.88,7.97,0.14
2025-04,Axis Bank Ltd.,837.82,93.69,6.30,0.01
2025-04,ICICI Bank Ltd.,697.48,95.29,4.68,0.03
2025-04,Indian Bank,581.43,91.50,8.50,0.00
2025-04,Bank Of India,578.05,91.29,7.79,0.92
2025-04,Airtel Payments Bank Limited,567.67,83.13,16.41,0.46
2025-04,India Post Payments Bank Limited,554.68,86.07,13.73,0.21
2025-04,Indian Overseas Bank,288.12,92.05,7.73,0.22
2025-04,Central Bank of India,260.39,85.82,13.54,0.64
2025-04,UCO Bank,252.89,89.27,10.40,0.33
2025-04,Federal Bank Ltd.,245.91,91.50,8.49,0.00
2025-04,Fino Payments Bank Ltd.,209.14,86.54,13.35,0.10
2025-04,Bank of Maharashtra,205.33,92.15,7.80,0.05
2025-04,Indusind Bank Ltd.,199.26,88.17,11.74,0.10
2025-04,IDBI Bank Ltd.,195.97,92.72,7.12,0.15
2025-04,Yes Bank Ltd.,168.80,89.21,10.76,0.03
2025-04,Karnataka Bank,137.30,89.51,9.22,1.27
2025-04,IDFC Bank Ltd.,111.75,91.64,8.35,0.01
2025-04,Tri O Tech Solutions Private Limited,99.59,100.00,0.00,0.00
2025-04,The Jammu & Kashmir Bank Limited,94.27,92.37,6.58,1.05
2025-04,Karur Vysya Bank,87.89,92.36,7.44,0.20
2025-04,Bandhan Bank limited,82.44,93.75,5.62,0.64
2025-04,AU Small Finance Bank,73.95,87.39,12.34,0.27
2025-04,The South Indian Bank Limited,66.92,94.08,5.91,0.01
2025-04,Punjab and Sind Bank,54.50,90.17,9.36,0.47
2025-04,City Union Bank,52.19,90.55,9.18,0.27
2025-04,Ujjivan Small Finance Bank Limited,51.60,91.96,7.09,0.94
2025-04,Tamilnad Mercantile Bank Limited,50.57,91.59,8.27,0.14
2025-04,JIO Payments Bank Ltd,49.43,79.30,20.13,0.58
2025-04,Baroda U.P. Bank,43.04,91.80,6.80,1.40
2025-04,Kerala Gramin Bank,41.93,91.12,7.68,1.20
2025-04,RBL Bank Ltd.,36.09,92.76,6.80,0.45
2025-04,Telangana Grameena Bank,36.07,85.88,12.91,1.21
2025-04,Maharashtra Gramin Bank,35.66,84.44,12.84,2.73
2025-04,Karnataka Gramin Bank,34.52,86.08,11.12,2.80
2025-04,Rajasthan Marudhara Gramin Bank,33.47,82.68,17.01,0.31
2025-04,NSDL Payments Bank Limited,33.14,78.01,20.66,1.32
2025-04,DBS Bank India Limited,31.44,91.81,8.18,0.01
2025-04,ESAF Small Finance Bank Ltd,30.46,94.78,5.17,0.05
2025-04,Equitas Small Finance Bank,30.39,90.12,9.44,0.44
2025-04,Saraswat Co-operative Bank,28.81,94.13,5.86,0.00
2025-04,Andhra Pragathi Grameena Bank,28.12,82.07,12.71,5.22
2025-04,Standard Chartered Bank,27.01,94.52,4.50,0.97
2025-04,Sarva Haryana Gramin Bank,23.95,93.23,5.04,1.73
2025-03,State Bank of India,4956.07,92.01,7.09,0.90
2025-03,HDFC Bank Ltd.,1513.14,93.98,6.00,0.02
2025-03,Bank of Baroda,1270.60,89.47,10.50,0.03
2025-03,Union Bank of India,1173.28,91.58,8.36,0.06
2025-03,Punjab National Bank,1043.06,90.22,9.45,0.33
2025-03,Kotak Mahindra Bank,938.60,89.78,10.19,0.02
2025-03,Canara Bank,901.11,91.83,8.04,0.13
2025-03,Axis Bank Ltd.,883.53,93.52,6.45,0.03
2025-03,ICICI Bank Ltd.,730.29,95.15,4.72,0.13
2025-03,Bank Of India,595.31,92.34,7.08,0.58
2025-03,Indian Bank,589.50,91.56,8.21,0.23
2025-03,India Post Payments Bank Limited,570.54,86.13,13.54,0.33
2025-03,Airtel Payments Bank Limited,569.69,84.31,15.38,0.31
2025-03,Indian Overseas Bank,292.32,91.93,7.67,0.40
2025-03,Central Bank of India,266.98,86.15,13.55,0.30
2025-03,Federal Bank Ltd.,256.34,91.49,8.46,0.05
2025-03,UCO Bank,254.76,89.86,10.05,0.09
2025-03,Fino Payments Bank Ltd.,214.85,87.62,12.18,0.21
2025-03,Bank of Maharashtra,208.61,92.52,7.31,0.17
2025-03,Indusind Bank Ltd.,203.78,87.95,12.02,0.03
2025-03,IDBI Bank Ltd.,200.78,92.76,7.23,0.01
2025-03,Yes Bank Ltd.,167.37,88.24,11.65,0.11
2025-03,Karnataka Bank,144.19,90.64,8.75,0.61
2025-03,IDFC Bank Ltd.,112.68,91.20,8.80,0.00
2025-03,Karur Vysya Bank,90.86,91.97,7.76,0.27
2025-03,Tri O Tech Solutions Private Limited,89.61,100.00,0.00,0.00
2025-03,The Jammu & Kashmir Bank Limited,88.86,92.45,6.41,1.14
2025-03,Bandhan Bank limited,82.99,92.36,5.16,2.48
2025-03,AU Small Finance Bank,75.73,87.32,12.67,0.00
2025-03,The South Indian Bank Limited,70.22,93.88,6.04,0.08
2025-03,Punjab and Sind Bank,55.66,89.85,9.52,0.63
2025-03,City Union Bank,54.12,90.75,9.13,0.12
2025-03,Ujjivan Small Finance Bank Limited,53.09,93.11,6.29,0.60
2025-03,Tamilnad Mercantile Bank Limited,51.92,91.34,8.14,0.52
2025-03,JIO Payments Bank Ltd,48.73,78.72,14.05,7.23
2025-03,Kerala Gramin Bank,43.54,91.33,7.35,1.32
2025-03,Baroda U.P. Bank,43.22,90.27,7.22,2.51
2025-03,Telangana Grameena Bank,37.03,83.67,12.91,3.42
2025-03,Karnataka Gramin Bank,36.00,88.58,10.27,1.16
2025-03,Maharashtra Gramin Bank,35.59,86.14,12.37,1.50
2025-03,RBL Bank Ltd.,34.99,92.49,6.98,0.53
2025-03,NSDL Payments Bank Limited,34.89,69.20,19.22,11.58
2025-03,Rajasthan Marudhara Gramin Bank,34.54,80.78,17.51,1.71
2025-03,DBS Bank India Limited,32.09,91.95,8.04,0.01
2025-03,ESAF Small Finance Bank Ltd,31.85,91.50,4.25,4.26
2025-03,Equitas Small Finance Bank,31.50,90.20,9.43,0.37
2025-03,Saraswat Co-operative Bank,29.58,93.49,6.01,0.50
2025-03,Andhra Pragathi Grameena Bank,28.26,83.93,12.16,3.91
2025-03,Standard Chartered Bank,27.87,95.83,4.14,0.03
2025-03,Sarva Haryana Gramin Bank,23.93,93.63,4.59,1.77
2025-02,State Bank of India,4400.89,92.13,7.53,0.34
2025-02,HDFC Bank Ltd.,1335.84,93.74,6.20,0.06
2025-02,Bank of Baroda,1107.47,90.78,9.16,0.06
2025-02,Union Bank of India,1035.24,91.72,8.05,0.22
2025-02,Punjab National Bank,925.01,89.74,10.12,0.14
2025-02,Kotak Mahindra Bank,838.10,89.58,10.23,0.19
2025-02,Canara Bank,799.21,90.86,8.70,0.44
2025-02,Axis Bank Ltd.,774.80,93.21,6.78,0.02
2025-02,ICICI Bank Ltd.,646.14,94.86,5.08,0.06
2025-02,Bank Of India,524.43,92.00,7.17,0.83
2025-02,Indian Bank,517.21,91.87,8.08,0.05
2025-02,Airtel Payments Bank Limited,494.58,79.75,17.84,2.41
2025-02,India Post Payments Bank Ltd.,488.27,84.83,14.04,1.13
2025-02,Indian Overseas Bank,257.53,91.88,7.93,0.19
2025-02,Central Bank of India,234.96,85.99,13.49,0.52
2025-02,Federal Bank Ltd.,234.23,91.54,8.32,0.14
2025-02,UCO Bank,222.51,90.40,9.22,0.38
2025-02,Bank of Maharashtra,183.07,92.04,7.47,0.50
2025-02,Fino Payments Bank Ltd.,182.03,89.88,9.89,0.22
2025-02,Indusind Bank Ltd.,180.68,87.51,12.12,0.37
2025-02,IDBI Bank Ltd.,177.38,92.32,7.34,0.34
2025-02,Yes Bank Ltd.,150.13,86.99,12.77,0.23
2025-02,Karnataka Bank,127.01,90.88,8.65,0.47
2025-02,IDFC Bank Ltd.,99.48,90.73,9.24,0.02
2025-02,Karur Vysya Bank,80.65,91.79,7.87,0.34
2025-02,The Jammu & Kashmir Bank Limited,80.46,91.31,6.33,2.36
2025-02,Tri O Tech Solutions Private Limited,76.79,100.00,0.00,0.00
2025-02,Bandhan Bank limited,74.75,92.93,5.02,2.05
2025-02,AU Small Finance Bank,67.04,86.79,12.78,0.43
2025-02,The South Indian Bank Limited,63.83,93.57,5.83,0.60
2025-02,Punjab and Sind Bank,48.34,89.73,9.68,0.59
2025-02,City Union Bank,48.24,91.53,8.33,0.13
2025-02,Ujjivan Small Finance Bank Limited,46.36,94.56,5.35,0.10
2025-02,Tamilnad Mercantile Bank Limited,45.82,91.37,8.13,0.50
2025-02,Kerala Gramin Bank,39.96,92.08,7.29,0.63
2025-02,JIO Payments Bank Ltd,39.60,86.44,12.94,0.62
2025-02,Baroda U.P. Bank,35.45,92.12,6.03,1.84
2025-02,Telangana Grameena Bank,31.21,83.85,12.35,3.81
2025-02,Karnataka Gramin Bank,31.05,88.53,10.15,1.32
2025-02,NSDL Payments Bank Limited,30.80,68.39,15.91,15.71
2025-02,Rajasthan Marudhara Gramin Bank,30.74,80.12,14.29,5.59
2025-02,Maharashtra Gramin Bank,30.50,86.01,11.99,2.01
2025-02,ESAF Small Finance Bank Ltd,28.79,94.28,4.15,1.57
2025-02,DBS Bank India Limited,28.75,92.20,7.75,0.05
2025-02,RBL Bank Ltd.,28.55,91.46,7.75,0.79
2025-02,Equitas Small Finance Bank,28.49,89.74,9.72,0.54
2025-02,Saraswat Co-operative Bank,26.38,93.24,6.16,0.61
2025-02,Standard Chartered Bank,25.11,95.66,4.29,0.05
2025-02,Andhra Pragathi Grameena Bank,23.70,83.93,12.53,3.53
2025-02,Sarva Haryana Gramin Bank,20.73,92.58,4.52,2.90
2025-01,State Bank of India,4664.49,91.22,7.93,0.84
2025-01,HDFC Bank Ltd.,1419.33,93.64,6.28,0.08
2025-01,Bank of Baroda,1159.99,91.22,8.50,0.28
2025-01,Union Bank of India,1086.26,91.25,8.07,0.68
2025-01,Punjab National Bank,976.62,89.56,10.31,0.13
2025-01,Kotak Mahindra Bank,889.41,89.73,10.22,0.06
2025-01,Canara Bank,835.68,91.83,7.80,0.37
2025-01,Axis Bank Ltd.,821.68,93.47,6.51,0.02
2025-01,ICICI Bank Ltd.,692.71,94.98,4.96,0.06
2025-01,Bank Of India,556.22,92.58,7.05,0.37
2025-01,Airtel Payments Bank Limited,553.22,85.84,13.72,0.45
2025-01,Indian Bank,539.83,91.90,8.04,0.06
2025-01,India Post Payments Bank Ltd.,496.43,83.69,14.80,1.51
2025-01,Indian Overseas Bank,264.20,92.14,7.55,0.31
2025-01,Federal Bank Ltd.,250.01,91.29,8.47,0.24
2025-01,Central Bank of India,246.28,85.69,13.46,0.85
2025-01,UCO Bank,231.83,90.85,8.99,0.16
2025-01,Bank of Maharashtra,194.89,92.30,7.61,0.09
2025-01,Indusind Bank Ltd.,191.69,87.62,12.19,0.19
2025-01,IDBI Bank Ltd.,188.22,92.26,7.49,0.25
2025-01,Fino Payments Bank Ltd.,185.40,91.80,8.05,0.14
2025-01,Yes Bank Ltd.,168.50,84.22,15.59,0.19
2025-01,Karnataka Bank,136.62,90.20,9.67,0.14
2025-01,IDFC Bank Ltd.,104.47,90.66,9.31,0.03
2025-01,Karur Vysya Bank,84.10,92.02,7.64,0.34
2025-01,The Jammu & Kashmir Bank Limited,82.35,93.48,6.31,0.21
2025-01,Tri O Tech Solutions Private Limited,78.71,100.00,0.00,0.00
2025-01,Bandhan Bank limited,78.53,92.71,5.28,2.01
2025-01,AU Small Finance Bank,69.84,86.60,12.25,1.15
2025-01,The South Indian Bank Limited,67.76,94.10,5.64,0.26
2025-01,Punjab and Sind Bank,50.26,90.33,9.39,0.28
2025-01,City Union Bank,49.76,91.73,8.11,0.16
2025-01,Ujjivan Small Finance Bank Limited,49.30,94.68,4.95,0.38
2025-01,Tamilnad Mercantile Bank Limited,47.41,91.51,8.31,0.18
2025-01,Kerala Gramin Bank,41.85,91.60,7.39,1.01
2025-01,JIO Payments Bank Ltd,38.84,86.01,12.36,1.63
2025-01,Baroda U.P. Bank,35.83,90.54,6.23,3.23
2025-01,Karnataka Gramin Bank,33.43,86.15,9.39,4.46
2025-01,Rajasthan Marudhara Gramin Bank,31.82,81.68,12.90,5.43
2025-01,Maharashtra Gramin Bank,31.62,86.20,12.11,1.69
2025-01,Equitas Small Finance Bank,31.07,90.38,9.51,0.10
2025-01,DBS Bank India Limited,30.85,92.01,7.92,0.07
2025-01,ESAF Small Finance Bank Ltd,30.15,95.22,4.46,0.31
2025-01,RBL Bank Ltd.,29.51,91.90,7.73,0.37
2025-01,NSDL Payments Bank Limited,29.28,74.94,20.06,5.00
2025-01,Saraswat Co-operative Bank,28.32,93.24,6.42,0.34
2025-01,Standard Chartered Bank,26.87,95.22,4.22,0.56
2025-01,Telangana Grameena Bank,26.64,79.06,15.81,5.13
2025-01,Andhra Pragathi Grameena Bank,25.58,76.03,11.90,12.07
2025-01,Sarva Haryana Gramin Bank,21.26,94.63,4.63,0.73
2024-12,State Bank of India,4540.13,92.94,6.58,0.48
2024-12,HDFC Bank Ltd.,1403.46,93.89,6.02,0.09
2024-12,Bank of Baroda,1125.93,91.71,8.19,0.10
2024-12,Union Bank of India,1070.69,91.91,7.96,0.13
2024-12,Punjab National Bank,954.15,89.81,9.28,0.91
2024-12,Kotak Mahindra Bank,872.07,90.25,9.70,0.05
2024-12,Canara Bank,818.65,91.70,7.62,0.68
2024-12,Axis Bank Ltd.,810.01,93.80,6.17,0.03
2024-12,ICICI Bank Ltd.,700.67,95.17,4.72,0.11
2024-12,Bank Of India,540.44,93.08,6.82,0.11
2024-12,Indian Bank,524.93,92.51,7.36,0.13
2024-12,Airtel Payments Bank Limited,521.02,87.15,12.67,0.18
2024-12,India Post Payments Bank Ltd.,459.83,82.62,13.15,4.22
2024-12,Indian Overseas Bank,257.21,92.36,6.99,0.65
2024-12,Federal Bank Ltd.,245.26,91.87,8.07,0.06
2024-12,Central Bank of India,244.52,85.92,13.64,0.43
2024-12,UCO Bank,225.35,91.63,8.24,0.12
2024-12,Bank of Maharashtra,188.42,92.05,7.48,0.48
2024-12,IDBI Bank Ltd.,186.20,92.96,6.78,0.26
2024-12,Indusind Bank Ltd.,185.78,88.29,11.53,0.18
2024-12,Fino Payments Bank Ltd.,175.75,92.78,7.14,0.08
2024-12,Yes Bank Ltd.,167.84,83.65,15.97,0.37
2024-12,Karnataka Bank,132.76,92.27,7.65,0.08
2024-12,IDFC Bank Ltd.,100.59,90.89,9.08,0.03
2024-12,Karur Vysya Bank,83.14,92.16,7.44,0.39
2024-12,The Jammu & Kashmir Bank Limited,81.64,90.33,5.78,3.89
2024-12,Bandhan Bank limited,76.61,92.36,5.30,2.34
2024-12,Tri O Tech Solutions Private Limited,75.47,100.00,0.00,0.00
2024-12,AU Small Finance Bank,74.62,85.93,13.75,0.32
2024-12,The South Indian Bank Limited,66.90,94.45,5.46,0.09
2024-12,Punjab and Sind Bank,49.27,90.85,8.92,0.23
2024-12,City Union Bank,48.89,92.29,7.58,0.13
2024-12,Ujjivan Small Finance Bank Limited,48.39,94.34,4.94,0.72
2024-12,Tamilnad Mercantile Bank Limited,46.51,92.08,7.65,0.27
2024-12,Kerala Gramin Bank,41.21,88.28,6.77,4.95
2024-12,JIO Payments Bank Ltd,33.99,87.33,11.83,0.83
2024-12,Baroda U.P. Bank,33.15,91.84,6.86,1.29
2024-12,Equitas Small Finance Bank,32.91,91.17,8.77,0.06
2024-12,Karnataka Gramin Bank,32.82,86.77,8.87,4.36
2024-12,DBS Bank India Limited,30.61,92.52,7.38,0.10
2024-12,Andhra Pradesh Grameena Vikas Bank,29.81,84.21,14.15,1.64
2024-12,ESAF Small Finance Bank Ltd,29.55,95.40,4.57,0.03
2024-12,Maharashtra Gramin Bank,29.54,84.90,12.07,3.03
2024-12,Rajasthan Marudhara Gramin Bank,29.43,85.89,12.33,1.79
2024-12,RBL Bank Ltd.,28.58,92.56,7.22,0.22
2024-12,NSDL Payments Bank Limited,28.19,85.11,13.49,1.40
2024-12,Saraswat Co-operative Bank,28.07,93.60,6.03,0.37
2024-12,Standard Chartered Bank,27.55,94.79,3.92,1.30
2024-12,Andhra Pragathi Grameena Bank,26.11,75.39,13.44,11.16
2024-12,Sarva Haryana Gramin Bank,21.42,89.43,6.11,4.46
2024-11,State Bank of India,4182.13,93.11,6.32,0.57
2024-11,HDFC Bank Ltd.,1305.92,94.07,5.83,0.09
2024-11,Bank of Baroda,1035.67,92.10,7.85,0.04
2024-11,Union Bank Of India,990.08,92.48,7.29,0.23
2024-11,Punjab national Bank,881.89,91.05,8.85,0.10
2024-11,Kotak Mahindra Bank,804.07,90.49,9.28,0.23
2024-11,Axis Bank Ltd.,764.59,94.20,5.78,0.01
2024-11,Canara Bank,760.29,92.32,7.25,0.43
2024-11,ICICI Bank Ltd.,651.55,95.26,4.56,0.18
2024-11,Bank Of India,497.26,91.80,6.55,1.65
2024-11,Indian Bank,484.60,92.78,7.05,0.17
2024-11,Airtel Payments Bank Ltd.,471.39,87.28,11.79,0.93
2024-11,India Post Payments Bank Ltd.,410.33,86.44,11.98,1.58
2024-11,Indian Overseas Bank,232.93,93.11,6.67,0.22
2024-11,Federal Bank Ltd.,230.20,91.80,8.01,0.19
2024-11,Central Bank of India,223.46,86.59,12.34,1.07
2024-11,UCO Bank,206.37,91.88,8.02,0.10
2024-11,Indusind Bank Ltd.,172.82,88.99,10.73,0.29
2024-11,IDBI Bank Ltd.,171.56,93.05,6.79,0.16
2024-11,Bank of Maharashtra,167.64,92.54,7.31,0.15
2024-11,Fino Payments Bank Ltd.,161.47,92.82,7.06,0.12
2024-11,YES Bank Ltd.,155.30,83.24,16.36,0.40
2024-11,Karnataka Bank,122.37,91.67,7.33,1.01
2024-11,IDFC Bank Ltd.,93.14,91.39,8.41,0.20
2024-11,The Jammu & Kashmir Bank Limited,76.44,90.29,5.42,4.29
2024-11,Karur Vysya Bank,76.29,92.70,7.11,0.19
2024-11,Bandhan Bank limited,70.96,93.36,5.09,1.55
2024-11,AU Small Finance Bank,70.55,88.57,11.23,0.20
2024-11,Tri O Tech Solutions Private Limited,67.20,100.00,0.00,0.00
2024-11,The South Indian Bank Limited,62.85,94.65,5.28,0.07
2024-11,Punjab and Sind Bank,45.44,91.51,8.40,0.10
2024-11,Ujjivan Small Finance Bank Limited,45.21,94.64,4.99,0.38
2024-11,City Union Bank,44.74,92.56,7.28,0.16
2024-11,Tamilnad Mercantile Bank Limited,42.47,91.84,7.70,0.46
2024-11,Kerala Gramin Bank,39.89,87.74,6.37,5.89
2024-11,Equitas Small Finance Bank,31.78,91.99,7.98,0.03
2024-11,Andhra Pradesh Grameena Vikas Bank,31.66,82.74,11.59,5.67
2024-11,Karnataka Gramin Bank,30.31,88.07,8.52,3.41
2024-11,Baroda U.P. Bank,29.74,91.65,6.65,1.69
2024-11,JIO Payments Bank Ltd,28.80,87.77,10.99,1.24
2024-11,DBS Bank India Limited,28.24,92.03,7.53,0.44
2024-11,ESAF Small Finance Bank Ltd,27.19,95.50,4.39,0.11
2024-11,Rajasthan Marudhara Gramin Bank,26.47,85.94,11.80,2.26
2024-11,Standard Chartered Bank,25.87,95.57,3.79,0.64
2024-11,Maharashtra Gramin Bank,25.80,86.35,12.55,1.09
2024-11,Saraswat Co-operative Bank,25.49,93.87,5.99,0.14
2024-11,NSDL Payments Bank Limited,24.28,86.08,12.61,1.31
2024-11,RBL Bank Ltd.,23.47,91.69,7.95,0.35
2024-11,Andhra Pragathi Grameena Bank,21.61,83.33,10.78,5.89
2024-11,Sarva Haryana Gramin Bank,20.09,93.42,6.14,0.44
2024-10,State Bank Of India,4478.41,92.10,6.29,1.61
2024-10,HDFC BANK LTD.,1409.32,94.74,5.24,0.02
2024-10,Bank of Baroda,1116.59,92.54,7.41,0.06
2024-10,Union Bank of India,1043.89,93.16,6.69,0.15
2024-10,Punjab National Bank,955.82,90.92,8.90,0.18
2024-10,Kotak Mahindra Bank,863.59,91.32,8.58,0.10
2024-10,Axis Bank Ltd.,827.97,94.82,5.13,0.06
2024-10,Canara Bank,795.21,92.55,7.16,0.29
2024-10,ICICI Bank Ltd.,709.27,95.76,4.20,0.04
2024-10,Bank of India,538.24,93.54,5.93,0.54
2024-10,Indian Bank,513.28,93.41,6.42,0.18
2024-10,Airtel Payments Bank Limited,500.76,89.46,10.35,0.19
2024-10,India Post Payments Bank Limited,434.48,87.51,11.24,1.25
2024-10,Indian Overseas Bank,244.05,91.68,6.13,2.19
2024-10,Central Bank Of India,241.37,86.85,12.22,0.92
2024-10,Federal Bank Ltd.,238.16,92.59,7.10,0.31
2024-10,UCO Bank,220.30,92.16,7.68,0.16
2024-10,Bank of Maharashtra,187.72,92.94,6.64,0.42
2024-10,IDBI Bank Ltd.,186.35,93.67,6.15,0.18
2024-10,INDUSIND BANK Ltd.,184.41,90.46,9.32,0.22
2024-10,Fino Payments Bank Ltd.,173.06,92.76,7.17,0.07
2024-10,Yes Bank Ltd.,165.55,85.65,14.14,0.21
2024-10,Karnataka Bank,126.09,92.63,6.87,0.50
2024-10,IDFC Bank Ltd.,99.72,92.41,7.14,0.44
2024-10,Karur Vysya Bank,79.62,92.99,6.72,0.29
2024-10,The Jammu & Kashmir Bank Limited,78.02,89.55,5.02,5.43
2024-10,AU small Finance Bank,76.76,90.05,9.88,0.07
2024-10,Bandhan Bank Limited,74.83,93.87,5.29,0.84
2024-10,Tri O Tech Solutions Private Limited,69.79,100.00,0.00,0.00
2024-10,The South Indian Bank Limited,64.32,94.61,5.25,0.14
2024-10,Ujjivan Small Finance Bank Limited,48.67,94.65,4.98,0.37
2024-10,Punjab and Sind Bank,47.91,91.97,7.83,0.20
2024-10,City Union Bank,47.69,93.04,6.83,0.14
2024-10,Tamilnad Mercantile Bank Limited,44.76,92.22,7.41,0.38
2024-10,Kerala Gramin Bank,38.22,92.47,6.68,0.85
2024-10,Equitas Small Finance Bank,34.50,92.52,7.45,0.03
2024-10,Andhra Pradesh Grameena Vikas Bank,32.92,85.99,12.62,1.39
2024-10,Baroda UP Gramin Bank,31.14,92.41,6.10,1.48
2024-10,Karnataka Gramin Bank,30.87,89.60,8.27,2.13
2024-10,DBS Bank India Limited,30.17,92.60,7.25,0.15
2024-10,Maharashtra Gramin Bank,29.85,85.61,12.12,2.27
2024-10,Rajasthan Marudhara Gramin Bank,29.28,84.14,10.95,4.91
2024-10,Saraswat Co-operative Bank,28.50,94.07,5.72,0.21
2024-10,Jio Payments Bank Ltd,28.23,88.59,10.18,1.23
2024-10,Standard Chartered Bank,27.97,95.45,3.31,1.24
2024-10,ESAF Small Finance Bank Ltd,27.91,95.35,4.55,0.10
2024-10,NSDL Payments Bank Limited,24.07,84.64,11.55,3.81
2024-10,RBL Bank Ltd.,23.06,92.36,7.33,0.31
2024-10,Andhra Pragathi Grameena Bank,21.92,78.27,10.39,11.34
2024-10,Sarva Haryana Gramin Bank,21.22,93.23,6.41,0.36
2024-09,State Bank Of India,4067.05,93.90,5.35,0.75
2024-09,HDFC BANK LTD,1267.31,95.36,4.62,0.02
2024-09,Bank of Baroda,996.46,92.87,7.01,0.11
2024-09,Union Bank of India,928.30,93.16,6.36,0.47
2024-09,Punjab National Bank,851.00,92.20,7.69,0.11
2024-09,Kotak Mahindra Bank,771.17,91.78,7.55,0.68
2024-09,Axis Bank Ltd.,739.08,95.40,4.54,0.05
2024-09,Canara Bank,724.35,93.23,6.32,0.44
2024-09,ICICI Bank Ltd.,642.30,96.31,3.67,0.02
2024-09,Bank of India,480.33,93.98,5.57,0.45
2024-09,Indian Bank,466.01,94.03,5.87,0.11
2024-09,Airtel Payments Bank Ltd,449.25,89.91,9.82,0.27
2024-09,India Post Payments Bank Ltd,370.25,87.95,11.48,0.58
2024-09,Indian Overseas Bank,221.41,91.62,5.67,2.71
2024-09,Federal Bank Ltd.,220.03,94.15,5.81,0.04
2024-09,Central Bank Of India,219.42,87.43,11.13,1.45
2024-09,UCO Bank,202.25,91.83,7.48,0.70
2024-09,IDBI Bank,167.82,93.46,5.98,0.55
2024-09,INDUSIND BANK Ltd.,165.88,91.52,8.37,0.11
2024-09,Bank of Maharashtra,165.00,93.33,6.37,0.30
2024-09,Fino Payments Bank Limited,154.66,92.79,7.09,0.12
2024-09,Yes Bank Ltd.,131.04,94.14,5.69,0.16
2024-09,Karnataka Bank,117.35,93.35,6.47,0.18
2024-09,IDFC First Bank Ltd,89.72,93.65,6.14,0.22
2024-09,Karur Vysya Bank,73.53,92.19,6.56,1.25
2024-09,AU small Finance Bank,69.23,91.09,8.74,0.17
2024-09,The Jammu & Kashmir Bank Limited,69.03,92.85,5.24,1.90
2024-09,Bandhan Bank Limited,68.05,92.88,5.45,1.67
2024-09,Tri O Tech Solutions Private Limited,61.00,100.00,0.00,0.00
2024-09,The South Indian Bank Limited,60.27,95.12,4.80,0.09
2024-09,Ujjivan Small Finance Bank Limited,45.35,94.46,5.22,0.32
2024-09,City Union Bank,44.30,92.88,6.54,0.58
2024-09,Punjab and Sind Bank,43.54,91.88,7.47,0.65
2024-09,Tamilnad Mercantile Bank Limited,41.41,92.63,7.01,0.36
2024-09,Kerala Gramin Bank,35.02,91.51,6.35,2.15
2024-09,Equitas Small Finance Bank Ltd,32.20,92.96,6.98,0.06
2024-09,Andhra Pradesh Grameena Vikas Bank,29.88,86.57,12.21,1.23
2024-09,Pragathi Krishna Gramin Bank,28.74,88.68,7.74,3.57
2024-09,DBS Bank India Limited,27.93,93.71,6.27,0.02
2024-09,Baroda UP Gramin Bank,26.48,92.16,7.56,0.28
2024-09,Maharashtra Gramin Bank,25.95,86.61,12.16,1.23
2024-09,Rajasthan Marudhara Gramin Bank,25.85,86.65,10.52,2.83
2024-09,ESAF Small Finance Bank Ltd.,25.76,95.46,4.43,0.11
2024-09,Standard Chartered Bank,25.65,96.49,2.95,0.56
2024-09,Saraswat Co-operative Bank,24.88,94.11,5.24,0.66
2024-09,Jio Payments Bank Limited,22.56,88.72,10.15,1.13
2024-09,NSDL Payments Bank Limited,20.08,83.05,11.47,5.49
2024-09,Sarva Haryana Gramin Bank,19.79,89.36,6.17,4.47
2024-09,Andhra Pragathi Grameena Bank,18.96,83.63,11.69,4.68
2024-09,RBL Bank Limited,18.87,91.45,8.10,0.44
2024-08,State Bank Of India,4052.31,94.40,5.39,0.21
2024-08,HDFC Bank Ltd.,1270.59,95.28,4.66,0.06
2024-08,Bank of Baroda,985.86,92.45,6.95,0.60
2024-08,Union Bank Of India,941.93,93.51,5.83,0.65
2024-08,Punjab national Bank,835.00,91.99,7.92,0.09
2024-08,Kotak Mahindra Bank,772.93,92.43,7.48,0.09
2024-08,Axis bank Ltd.,730.47,95.47,4.53,0.00
2024-08,Canara Bank,722.42,93.11,6.11,0.78
2024-08,ICICI Bank Ltd.,648.75,96.15,3.76,0.09
2024-08,Bank Of India,478.26,93.86,5.61,0.53
2024-08,Indian Bank,462.16,94.02,5.92,0.06
2024-08,Airtel Payments Bank Ltd,437.93,90.01,9.84,0.15
2024-08,India Post Payments Bank Ltd,349.66,88.27,10.99,0.74
2024-08,Federal bank Ltd.,221.37,94.22,5.75,0.03
2024-08,Central Bank of India,218.28,88.36,11.05,0.59
2024-08,Indian Overseas Bank,217.93,92.44,5.92,1.64
2024-08,UCO Bank,200.84,92.29,7.59,0.12
2024-08,IDBI Bank,166.58,94.17,5.57,0.26
2024-08,Indusind Bank Ltd.,165.70,91.49,8.34,0.17
2024-08,Bank of Maharashtra,163.62,93.33,6.41,0.25
2024-08,Fino Payments Bank Limited,151.38,92.78,6.83,0.39
2024-08,Yes Bank Ltd.,126.41,93.91,5.87,0.23
2024-08,Karnataka Bank,117.67,92.78,7.01,0.21
2024-08,IDFC First Bank Ltd,89.97,93.64,6.13,0.23
2024-08,Karur Vysya Bank,74.18,92.49,6.22,1.30
2024-08,AU small Finance Bank,69.40,91.26,8.72,0.02
2024-08,The Jammu & Kashmir Bank Limited,69.35,92.93,5.02,2.06
2024-08,Bandhan Bank limited,66.15,93.24,5.73,1.03
2024-08,The South Indian Bank Limited,60.30,95.07,4.88,0.05
2024-08,Tri O Tech Solutions Private Limited,57.12,100.00,0.00,0.00
2024-08,Ujjivan Small Finance Bank Limited,45.73,94.25,5.32,0.42
2024-08,City Union Bank,44.59,92.78,6.73,0.49
2024-08,Punjab and Sind Bank,42.38,92.12,7.39,0.49
2024-08,Tamilnad Mercantile Bank Limited,41.50,91.74,7.81,0.46
2024-08,Kerala Gramin Bank,34.73,90.77,6.37,2.87
2024-08,Equitas Small Finance Bank Ltd,32.89,92.09,7.25,0.66
2024-08,Karnataka Gramin Bank (Erstwhile Pragathi Krishna Gramin Bank),30.19,84.79,7.38,7.83
2024-08,Andhra Pradesh Grameena Vikas Bank - IMPS,28.61,86.25,12.84,0.91
2024-08,DBS Bank India Limited,28.32,93.80,6.18,0.03
2024-08,Standard Chartered Bank,26.22,97.09,2.89,0.03
2024-08,ESAF Small Finance Bank Ltd.,25.47,95.08,4.72,0.21
2024-08,Saraswat Co-operative Bank,25.08,95.11,4.76,0.13
2024-08,Maharashtra Gramin Bank,24.99,86.37,12.27,1.35
2024-08,Baroda U.P. Bank (Erstwhile Baroda Uttar Pradesh Gramin Bank),24.96,88.53,8.79,2.68
2024-08,Rajasthan Marudhara Gramin Bank,23.83,86.87,10.55,2.58
2024-08,Sarva Haryana Gramin Bank,20.33,87.70,6.60,5.70
2024-08,Jio Payments Bank limited,20.10,82.02,15.04,2.94
2024-08,RBL Bank Ltd.,18.51,90.75,8.85,0.40
2024-08,NSDL Payments Bank Limited,18.11,84.73,11.81,3.47
2024-08,Andhra Pragathi Grameena Bank,17.78,85.45,12.94,1.61
2024-07,State Bank Of India,3912.83,94.55,5.31,0.14
2024-07,HDFC Bank Ltd.,1214.73,95.21,4.78,0.00
2024-07,Bank of Baroda,954.81,92.35,7.06,0.59
2024-07,Union Bank Of India,905.83,94.14,5.76,0.10
2024-07,Punjab national Bank,837.23,89.63,10.27,0.10
2024-07,Kotak Mahindra Bank,746.29,92.59,7.22,0.19
2024-07,Axis bank Ltd.,697.05,95.55,4.45,0.00
2024-07,Canara Bank,688.87,93.41,6.23,0.36
2024-07,ICICI Bank Ltd.,629.64,96.15,3.83,0.02
2024-07,Bank Of India,462.31,93.79,5.40,0.81
2024-07,Indian Bank,449.31,94.10,5.88,0.02
2024-07,Airtel Payments Bank Ltd,430.92,89.21,10.65,0.14
2024-07,India Post Payments Bank Ltd,336.13,84.74,12.89,2.38
2024-07,Federal bank Ltd.,214.60,94.25,5.71,0.04
2024-07,Central Bank of India,211.52,88.33,11.36,0.32
2024-07,Indian Overseas Bank,210.05,94.08,5.68,0.24
2024-07,UCO Bank,194.92,92.01,7.30,0.68
2024-07,IDBI Bank,161.72,93.74,5.72,0.54
2024-07,Indusind Bank Ltd.,161.53,92.09,7.83,0.09
2024-07,Bank of Maharashtra,155.62,92.94,5.91,1.15
2024-07,Fino Payments Bank Limited,145.95,92.59,7.23,0.18
2024-07,Yes Bank Ltd.,123.36,94.10,5.85,0.05
2024-07,Karnataka Bank,113.52,92.56,7.17,0.27
2024-07,IDFC First Bank Ltd,87.50,93.27,6.62,0.11
2024-07,Karur Vysya Bank,71.96,93.18,6.38,0.44
2024-07,The Jammu & Kashmir Bank Limited,68.27,89.99,4.67,5.34
2024-07,Bandhan Bank limited,63.78,93.27,5.64,1.10
2024-07,The South Indian Bank Limited,56.93,94.92,5.06,0.02
2024-07,Tri O Tech Solutions Private Limited,52.10,99.80,0.20,0.00
2024-07,AU Small Finance Bank,48.46,93.76,6.23,0.02
2024-07,Ujjivan Small Finance Bank Limited,45.78,94.02,5.70,0.28
2024-07,City Union Bank,43.40,92.80,6.94,0.26
2024-07,Punjab and Sind Bank,40.75,91.88,7.60,0.52
2024-07,Tamilnad Mercantile Bank Limited,40.33,91.64,8.16,0.20
2024-07,Equitas Small Finance Bank Ltd,33.37,91.72,7.51,0.77
2024-07,Kerala Gramin Bank,31.93,92.26,5.89,1.85
2024-07,Karnataka Gramin Bank (Erstwhile Pragathi Krishna Gramin Bank),28.68,89.64,7.23,3.13
2024-07,Andhra Pradesh Grameena Vikas Bank - IMPS,27.69,85.15,11.47,3.38
2024-07,DBS Bank India Limited,27.67,93.99,5.98,0.03
2024-07,Rajasthan Marudhara Gramin Bank,25.58,79.63,9.90,10.47
2024-07,Maharashtra Gramin Bank,25.52,78.50,10.43,11.07
2024-07,Standard Chartered Bank,25.11,97.04,2.95,0.01
2024-07,ESAF Small Finance Bank Ltd.,24.06,94.84,4.94,0.22
2024-07,Saraswat Co-operative Bank,23.62,94.54,5.13,0.33
2024-07,Baroda U.P. Bank (Erstwhile Baroda Uttar Pradesh Gramin Bank),23.44,84.61,9.14,6.25
2024-07,AU Small Finance Bank (Erstwhile Fincare),20.27,85.18,14.37,0.45
2024-07,Sarva Haryana Gramin Bank,20.25,90.64,8.39,0.96
2024-07,Jio Payments Bank limited,18.37,84.71,13.55,1.75
2024-07,Andhra Pragathi Grameena Bank,17.96,79.80,12.21,7.99
2024-07,RBL Bank Ltd.,17.66,90.29,8.87,0.84
2024-06,State Bank of India,3738.00,94.82,4.95,0.22
2024-06,HDFC Bank Ltd,1191.85,95.43,4.34,0.23
2024-06,Bank of Baroda,912.47,93.28,6.39,0.33
2024-06,Union Bank of India,869.16,93.98,5.74,0.28
2024-06,Punjab National Bank,783.70,93.53,6.07,0.40
2024-06,Kotak Mahindra Bank Ltd,727.46,92.20,6.93,0.86
2024-06,Canara Bank,657.78,92.85,6.43,0.72
2024-06,Axis Bank Ltd.,651.80,95.59,4.40,0.02
2024-06,ICICI Bank Ltd,620.66,96.19,3.76,0.05
2024-06,Bank Of India,444.39,94.18,5.51,0.32
2024-06,Indian Bank,423.92,94.06,5.76,0.19
2024-06,Airtel Payments Bank Ltd,414.12,88.87,10.12,1.01
2024-06,India Post Payments Bank Ltd,319.04,85.95,12.05,2.00
2024-06,Federal Bank,205.99,94.34,5.61,0.06
2024-06,Central Bank of India,202.35,86.99,11.27,1.74
2024-06,Indian Overseas Bank,197.11,92.98,5.54,1.48
2024-06,UCO Bank,184.42,93.38,6.35,0.27
2024-06,IDBI Bank,155.97,94.24,5.25,0.51
2024-06,Indusind Bank Ltd.,155.09,91.86,7.68,0.46
2024-06,Bank of Maharashtra,150.89,93.21,5.77,1.01
2024-06,Fino Payments Bank Ltd.,140.81,92.49,7.16,0.36
2024-06,Yes bank Ltd.,118.94,94.04,5.79,0.17
2024-06,Karnataka Bank Ltd,108.50,93.12,6.42,0.46
2024-06,IDFC Bank Ltd.,85.74,93.06,6.88,0.06
2024-06,Karur Vysya Bank,67.93,93.39,6.14,0.47
2024-06,The Jammu And Kashmir Bank Ltd,65.45,93.49,4.86,1.66
2024-06,Bandhan Bank Ltd.,59.26,92.99,6.11,0.90
2024-06,South Indian Bank,54.24,94.99,4.95,0.06
2024-06,Tri O Tech Solutions Private Limited,50.77,100.00,0.00,0.00
2024-06,AU Small Finance Bank,46.74,93.96,6.01,0.02
2024-06,Ujjivan Small Finance Bank Limited,44.18,94.17,5.60,0.23
2024-06,City Union Bank Limited,40.87,93.05,6.69,0.26
2024-06,Punjab & Sind Bank,38.32,92.27,7.46,0.27
2024-06,Tamilnad Mercantile Bank Ltd.,38.20,91.39,7.44,1.17
2024-06,Equitas Small Finance Bank Ltd,32.46,92.00,7.29,0.71
2024-06,HDFC Bank Credit Card HCB,31.15,95.19,4.66,0.15
2024-06,Andhra Pradesh Grameena Vikas Bank,29.53,85.51,12.21,2.28
2024-06,Kerala Gramin Bank,29.43,93.72,5.54,0.74
2024-06,Pragathi Krishna Gramin Bank,26.98,91.24,6.93,1.83
2024-06,DBS Bank India Limited,26.61,94.23,5.72,0.05
2024-06,Rajasthan Marudhara Gramin Bank,25.44,86.22,11.56,2.22
2024-06,Maharashtra Gramin Bank,25.16,86.97,11.42,1.61
2024-06,Standard Chartered Bank,24.97,96.93,2.90,0.17
2024-06,Baroda Uttar Pradesh Gramin Bank,24.09,74.58,10.00,15.42
2024-06,Saraswat Co-operative Bank Ltd.,23.45,94.86,4.71,0.43
2024-06,ESAF Small Finance Bank Ltd.,22.93,95.04,4.76,0.20
2024-06,Fincare Small Finance Bank Limited,20.56,85.12,14.38,0.51
2024-06,Sarva Haryana Gramin Bank,19.34,89.85,7.83,2.32
2024-06,Andhra Pragathi Grameena Bank,18.35,80.76,12.96,6.28
2024-06,Jio Payments Bank limited,16.80,84.80,11.61,3.59
2024-05,State Bank Of India,3758.35,94.80,5.01,0.20
2024-05,HDFC Bank Ltd,1211.41,95.75,4.19,0.06
2024-05,Bank of Baroda,930.35,92.49,6.56,0.95
2024-05,Union Bank of India,876.18,94.38,5.38,0.24
2024-05,Punjab National Bank,785.36,93.64,6.05,0.31
2024-05,Kotak Mahindra Bank,746.83,92.83,6.78,0.39
2024-05,Canara Bank,670.33,92.87,6.15,0.98
2024-05,ICICI Bank,627.63,96.33,3.62,0.05
2024-05,Axis Bank Ltd.,627.47,95.60,4.39,0.02
2024-05,Bank of India,454.54,93.16,5.16,1.68
2024-05,Indian Bank,427.45,94.11,5.65,0.24
2024-05,Airtel Payments Bank,413.75,91.27,8.20,0.52
2024-05,India Post Payment Bank,317.28,86.84,12.47,0.70
2024-05,Federal Bank,212.71,94.09,5.44,0.47
2024-05,Central Bank Of India,206.31,87.26,11.16,1.57
2024-05,Indian Overseas Bank,197.96,94.32,5.24,0.44
2024-05,UCO Bank,184.22,93.72,6.16,0.11
2024-05,IDBI Bank Limited,159.28,94.40,5.46,0.14
2024-05,Bank of Maharashtra,152.68,92.45,5.48,2.06
2024-05,Indusind Bank,150.37,92.32,7.38,0.31
2024-05,Fino Payments Bank Limited,140.12,92.59,7.19,0.22
2024-05,Yes Bank Ltd,121.13,94.05,5.90,0.05
2024-05,Karnataka Bank,110.31,93.24,6.47,0.29
2024-05,IDFC First Bank,87.12,92.89,7.06,0.04
2024-05,Karur Vysya Bank,68.36,93.97,5.85,0.18
2024-05,Jammu and Kashmir Bank,66.17,93.91,4.48,1.60
2024-05,Bandhan Bank,59.24,91.70,6.70,1.60
2024-05,South Indian Bank,54.78,95.49,4.41,0.10
2024-05,Tri O Tech Solutions Private Limited,50.10,100.00,0.00,0.00
2024-05,AU small Finance Bank,47.67,93.42,5.75,0.83
2024-05,Ujjivan Small Finance Bank,45.10,93.75,5.64,0.61
2024-05,City Union Bank,41.63,92.90,6.73,0.37
2024-05,Punjab and Sind Bank,38.16,92.76,6.89,0.36
2024-05,Tamilnad Mercantile Bank,38.01,92.38,7.19,0.44
2024-05,Equitas Small Finance Bank,33.53,92.55,7.18,0.27
2024-05,Andhra Pradesh Grameena Vikas Bank,29.80,85.93,12.05,2.02
2024-05,Kerala Gramin Bank,29.05,92.97,5.66,1.37
2024-05,Pragathi Krishna Gramin Bank,27.76,89.64,7.36,3.00
2024-05,DBS Bank India Limited,27.40,94.26,5.59,0.16
2024-05,Maharashtra Gramin Bank,26.27,86.04,11.57,2.39
2024-05,Rajasthan Marudhara Gramin Bank,25.55,86.55,11.29,2.16
2024-05,Standard Chartered,25.23,96.94,2.87,0.18
2024-05,Saraswat Bank,23.75,95.17,4.19,0.64
2024-05,Baroda UP Gramin Bank,23.63,78.17,9.63,12.20
2024-05,ESAF Small Finance Bank Ltd.,22.91,95.23,4.54,0.23
2024-05,Fincare Small Finance Bank Ltd,21.54,85.62,13.92,0.46
2024-05,Sarva Haryana Gramin Bank,20.85,86.11,12.06,1.83
2024-05,Citi Bank,20.03,96.49,3.14,0.37
2024-05,Andhra Pragathi Grameena Bank,18.23,83.62,13.00,3.38
2024-05,RBL Bank Limited,16.38,89.18,9.91,0.92
2024-04,State Bank Of India,3581.27,94.10,5.01,0.89
2024-04,HDFC BANK LTD,1157.04,95.82,4.08,0.09
2024-04,Bank of Baroda,898.17,90.39,8.02,1.59
2024-04,Union Bank of India,837.24,93.13,5.28,1.59
2024-04,Punjab National Bank,741.90,92.96,5.93,1.11
2024-04,Kotak Mahindra Bank,725.32,91.77,6.45,1.78
2024-04,Canara Bank,642.10,93.39,5.95,0.66
2024-04,Axis Bank Ltd.,609.02,95.74,4.23,0.03
2024-04,ICICI Bank,599.22,96.37,3.55,0.08
2024-04,Bank of India,439.70,93.67,5.02,1.31
2024-04,Indian Bank,407.28,93.97,5.88,0.15
2024-04,Airtel Payments Bank,395.64,90.62,8.66,0.72
2024-04,India Post Payment Bank,270.23,82.88,15.95,1.16
2024-04,Federal Bank,206.55,94.70,5.26,0.04
2024-04,Central Bank Of India,200.60,85.38,10.79,3.83
2024-04,Indian Overseas Bank,187.73,93.24,5.02,1.74
2024-04,UCO Bank,171.92,93.70,6.14,0.16
2024-04,Bank of Maharashtra,151.41,93.14,5.47,1.39
2024-04,IDBI Bank Limited,151.25,94.24,5.24,0.51
2024-04,INDUSIND BANK,150.57,92.05,7.07,0.89
2024-04,Fino Payments Bank Limited,134.12,90.89,8.59,0.51
2024-04,Yes Bank Ltd,106.01,92.93,6.53,0.53
2024-04,Karnataka Bank,105.44,92.61,6.33,1.05
2024-04,IDFC FIRST Bank,83.34,92.89,6.98,0.13
2024-04,Karur Vysya Bank,65.73,93.97,5.82,0.22
2024-04,Jammu and Kashmir Bank,58.65,94.07,4.77,1.16
2024-04,Bandhan Bank,55.96,92.46,5.73,1.81
2024-04,South Indian Bank,52.51,95.40,4.47,0.12
2024-04,Tri O Tech Solutions Private Limited,46.64,100.00,0.00,0.00
2024-04,AU small Finance Bank,45.86,92.76,6.19,1.05
2024-04,Ujjivan Small Finance Bank,42.92,94.15,5.62,0.24
2024-04,City Union Bank,39.67,92.80,6.91,0.29
2024-04,Tamilnad Mercantile Bank,36.11,91.84,7.57,0.59
2024-04,Punjab and Sind Bank,34.51,82.94,8.05,9.01
2024-04,Equitas Bank,32.32,92.77,7.15,0.07
2024-04,Andhra Pradesh Grameena Vikas Bank,29.08,85.16,13.06,1.78
2024-04,Kerala Gramin Bank,27.50,92.37,6.21,1.42
2024-04,Pragathi Krishna Gramin Bank,26.83,88.21,8.07,3.72
2024-04,DBS Bank India Limited,26.42,94.37,5.46,0.17
2024-04,Maharashtra Gramin Bank,25.64,85.76,11.70,2.54
2024-04,Rajasthan Marudhara Gramin Bank,24.19,86.99,12.02,0.99
2024-04,Standard Chartered,24.01,96.49,2.85,0.66
2024-04,Saraswat Bank,23.34,94.90,4.48,0.62
2024-04,Baroda UP Gramin Bank,22.48,75.41,9.17,15.41
2024-04,Fincare Small Finance Bank Ltd,21.68,84.95,14.46,0.59
2024-04,ESAF Small Finance Bank Ltd.,21.48,94.68,4.92,0.40
2024-04,Citi Bank,19.73,96.53,3.11,0.36
2024-04,Sarva Haryana Gramin Bank,18.34,91.76,7.50,0.74
2024-04,Andhra Pragathi Grameena Bank,18.19,79.51,14.58,5.92
2024-04,RBL Bank Limited,15.10,89.02,10.26,0.72
2024-03,State Bank Of India,3557.54,94.99,4.70,0.32
2024-03,HDFC BANK LTD,1158.51,96.13,3.86,0.01
2024-03,Bank of Baroda,882.82,93.30,6.25,0.45
2024-03,Union Bank of India,848.59,93.47,5.14,1.40
2024-03,Punjab National Bank,728.08,94.22,5.54,0.23
2024-03,Kotak Mahindra Bank,703.56,93.66,6.20,0.14
2024-03,Canara Bank,642.81,93.72,5.91,0.37
2024-03,Axis Bank Ltd.,630.13,96.07,3.93,0.01
2024-03,ICICI Bank,603.62,96.40,3.52,0.09
2024-03,Bank of India,434.19,94.63,5.03,0.34
2024-03,Indian Bank,400.98,94.39,5.40,0.21
2024-03,Airtel Payments Bank,387.91,91.25,8.63,0.12
2024-03,India Post Payment Bank,312.23,80.17,13.85,5.98
2024-03,Federal Bank,204.83,94.79,5.01,0.20
2024-03,Central Bank Of India,200.37,85.98,10.69,3.33
2024-03,Indian Overseas Bank,188.01,92.66,4.92,2.42
2024-03,UCO Bank,171.87,93.19,5.90,0.91
2024-03,Bank of Maharashtra,153.39,89.77,5.41,4.83
2024-03,IDBI Bank Limited,151.70,93.27,5.26,1.47
2024-03,INDUSIND BANK,142.64,92.76,6.76,0.47
2024-03,Fino Payments Bank Limited,136.77,88.98,9.53,1.48
2024-03,Karnataka Bank,106.23,92.83,6.07,1.10
2024-03,Yes Bank Ltd,103.43,94.43,5.40,0.17
2024-03,Paytm Payments Bank,98.18,89.73,10.25,0.03
2024-03,IDFC FIRST Bank,83.30,92.99,6.72,0.28
2024-03,Karur Vysya Bank,67.68,91.62,5.87,2.51
2024-03,Bandhan Bank,54.03,93.13,5.90,0.97
2024-03,South Indian Bank,53.06,95.66,4.30,0.04
2024-03,Jammu and Kashmir Bank,52.39,94.19,5.01,0.80
2024-03,AU small Finance Bank,45.20,93.76,5.01,1.23
2024-03,Tri O Tech Solutions Private Limited,43.69,100.00,0.00,0.00
2024-03,Ujjivan Small Finance Bank,42.64,94.16,5.62,0.22
2024-03,City Union Bank,40.70,92.12,7.57,0.31
2024-03,Punjab and Sind Bank,36.91,88.97,6.85,4.18
2024-03,Tamilnad Mercantile Bank,36.68,91.40,6.86,1.75
2024-03,Equitas Bank,32.26,92.46,7.26,0.28
2024-03,Andhra Pradesh Grameena Vikas Bank,28.83,84.18,12.67,3.15
2024-03,Kerala Gramin Bank,27.13,92.84,6.20,0.96
2024-03,DBS Bank India Limited,26.67,94.70,5.04,0.26
2024-03,Pragathi Krishna Gramin Bank,26.20,89.82,8.08,2.10
2024-03,Maharashtra Gramin Bank,25.45,87.57,11.61,0.83
2024-03,Standard Chartered,25.13,97.12,2.69,0.19
2024-03,Rajasthan Marudhara Gramin Bank,24.86,83.35,11.87,4.78
2024-03,Saraswat Bank,23.28,95.74,3.94,0.32
2024-03,Baroda UP Gramin Bank,22.31,74.22,10.56,15.22
2024-03,ESAF Small Finance Bank Ltd.,21.76,93.86,5.08,1.06
2024-03,Fincare Small Finance Bank Ltd,21.32,85.10,14.43,0.47
2024-03,Citibank,20.78,96.61,3.06,0.32
2024-03,Sarva Haryana Gramin Bank,17.71,92.50,7.00,0.50
2024-03,Andhra Pragathi Grameena Bank,17.33,84.52,13.38,2.10
2024-02,State Bank Of India,3135.27,94.83,4.23,0.94
2024-02,HDFC BANK LTD,1049.59,95.71,3.60,0.69
2024-02,Bank of Baroda,786.15,93.46,5.51,1.03
2024-02,Union Bank of India,754.01,93.80,4.52,1.68
2024-02,Punjab National Bank,628.99,94.85,4.90,0.25
2024-02,ICICI Bank,539.76,96.39,3.32,0.29
2024-02,Axis Bank Ltd.,558.18,96.29,3.66,0.05
2024-02,Kotak Mahindra Bank,609.79,93.10,5.48,1.42
2024-02,Canara Bank,578.21,94.12,5.42,0.45
2024-02,Paytm Payments Bank,294.20,94.39,5.60,0.01
2024-02,Bank of India,389.19,94.55,4.55,0.90
2024-02,Indian Bank,354.82,95.10,4.63,0.27
2024-02,Airtel Payments Bank,344.18,91.11,8.65,0.24
2024-02,India Post Payment Bank,271.05,83.20,13.00,3.81
2024-02,Federal Bank,187.90,95.30,4.44,0.26
2024-02,Central Bank Of India,179.35,82.62,9.59,7.80
2024-02,Indian Overseas Bank,168.40,93.49,4.67,1.84
2024-02,UCO Bank,148.69,94.51,5.38,0.11
2024-02,IDBI Bank Limited,138.33,89.05,4.39,6.56
2024-02,Bank of Maharashtra,135.58,91.92,4.82,3.26
2024-02,INDUSIND BANK,129.68,93.37,5.92,0.71
2024-02,Fino Payments Bank Limited,116.25,90.66,8.85,0.49
2024-02,Yes Bank Ltd,93.40,94.70,5.06,0.24
2024-02,Karnataka Bank,95.34,93.42,5.76,0.82
2024-02,Karur Vysya Bank,60.33,94.05,5.44,0.50
2024-02,Bandhan Bank,49.32,89.80,6.16,4.04
2024-02,South Indian Bank,48.87,96.05,3.93,0.02
2024-02,IDFC FIRST Bank,74.34,93.92,5.96,0.11
2024-02,Jammu and Kashmir Bank,46.57,93.54,5.16,1.30
2024-02,City Union Bank,36.62,93.36,6.21,0.43
2024-02,Ujjivan Small Finance Bank,37.90,93.71,5.66,0.63
2024-02,AU small Finance Bank,38.80,95.09,4.54,0.37
2024-02,Tamilnad Mercantile Bank,32.68,93.01,6.45,0.54
2024-02,Equitas Bank,28.88,93.09,6.87,0.04
2024-02,Standard Chartered,26.59,95.99,2.23,1.78
2024-02,Punjab and Sind Bank,31.49,90.85,6.00,3.16
2024-02,DBS Bank India Limited,24.28,95.35,4.37,0.27
2024-02,Andhra Pradesh Grameena Vikas Bank,26.19,83.85,15.19,0.96
2024-02,Pragathi Krishna Gramin Bank,23.10,88.69,7.67,3.64
2024-02,CITI Bank,18.92,95.17,4.45,0.37
2024-02,Maharashtra Gramin Bank,22.28,86.73,11.53,1.75
2024-02,Kerala Gramin Bank,25.18,90.99,6.13,2.88
2024-02,Saraswat Bank,21.03,95.96,3.78,0.25
2024-02,Tri O Tech Solutions Private Limited,37.89,100.00,0.00,0.00
2024-02,Rajasthan Marudhara Gramin Bank,20.23,88.60,10.75,0.66
2024-02,ESAF Small Finance Bank Ltd.,20.59,91.09,4.91,3.99
2024-02,Baroda UP Gramin Bank,17.10,79.41,12.40,8.19
2024-02,Sarva Haryana Gramin Bank,14.14,93.02,6.95,0.03
2024-02,RBL Bank,15.27,81.63,8.31,10.06
2024-02,Andhra Pragathi Grameena Bank,14.92,87.07,11.97,0.96
2024-01,State Bank Of India,3128.97,95.62,4.19,0.19
2024-01,HDFC BANK LTD,1040.25,96.49,3.51,0.00
2024-01,Bank of Baroda,781.72,95.28,4.68,0.04
2024-01,Union Bank of India,753.66,94.51,4.34,1.15
2024-01,Punjab National Bank,618.95,94.78,4.95,0.27
2024-01,Kotak Mahindra Bank,600.83,93.64,5.19,1.17
2024-01,Canara Bank,572.16,94.18,5.38,0.44
2024-01,Axis Bank Ltd.,559.49,96.11,3.58,0.30
2024-01,ICICI Bank,547.55,96.59,3.32,0.08
2024-01,Paytm Payments Bank,410.06,96.30,3.70,0.01
2024-01,Bank of India,389.29,95.33,4.59,0.08
2024-01,Indian Bank,348.89,95.15,4.47,0.37
2024-01,Airtel Payments Bank,337.05,89.95,8.98,1.07
2024-01,India Post Payment Bank,265.13,82.66,12.20,5.14
2024-01,Federal Bank,185.90,95.53,4.28,0.19
2024-01,Central Bank Of India,178.41,85.44,9.38,5.18
2024-01,Indian Overseas Bank,165.09,94.28,4.41,1.31
2024-01,UCO Bank,152.41,88.37,7.47,4.16
2024-01,IDBI Bank Limited,141.57,92.73,4.28,2.98
2024-01,Bank of Maharashtra,136.29,94.42,4.61,0.97
2024-01,INDUSIND BANK,125.63,93.06,5.97,0.97
2024-01,Fino Payments Bank Limited FIP,115.14,89.66,9.41,0.93
2024-01,Karnataka Bank,97.36,91.93,7.49,0.59
2024-01,Yes Bank Ltd,93.47,94.92,4.98,0.10
2024-01,IDFC FIRST Bank,73.92,94.20,5.77,0.03
2024-01,Karur Vysya Bank,59.56,94.12,5.54,0.34
2024-01,Bandhan Bank,49.22,87.51,6.16,6.32
2024-01,South Indian Bank,48.90,96.35,3.55,0.11
2024-01,Jammu and Kashmir Bank,44.46,91.55,7.21,1.24
2024-01,Ujjivan Small Finance Bank,38.33,92.75,5.66,1.59
2024-01,AU small Finance Bank,37.48,95.19,4.51,0.29
2024-01,Tri O Tech Solutions Private Limited,36.62,100.00,0.00,0.00
2024-01,City Union Bank,35.87,93.46,6.23,0.32
2024-01,Tamilnad Mercantile Bank,32.19,92.76,6.99,0.26
2024-01,Punjab and Sind Bank,30.87,93.14,6.10,0.76
2024-01,Equitas Bank,28.56,93.04,6.96,0.00
2024-01,Standard Chartered,26.21,97.18,2.33,0.50
2024-01,Andhra Pradesh Grameena Vikas Bank,25.95,86.69,11.80,1.51
2024-01,DBS Bank India Limited,24.57,95.78,4.11,0.11
2024-01,Pragathi Krishna Gramin Bank,24.49,81.75,7.84,10.41
2024-01,Kerala Gramin Bank,23.61,90.10,5.94,3.96
2024-01,Maharashtra Gramin Bank,22.84,84.76,10.98,4.26
2024-01,Saraswat Bank,21.62,94.60,4.52,0.87
2024-01,ESAF Small Finance Bank Ltd.,20.91,88.57,5.06,6.37
2024-01,Rajasthan Marudhara Gramin Bank,20.02,88.02,11.36,0.63
2024-01,Baroda UP Gramin Bank,19.44,54.14,9.55,36.31
2024-01,Citibank,19.38,96.67,3.07,0.26
2024-01,Fincare Small Finance Bank Ltd,17.51,86.69,12.38,0.92
2024-01,RBL Bank,15.89,82.78,5.54,11.68
2024-01,Sarva Haryana Gramin Bank,14.96,92.64,6.89,0.47
2023-12,State Bank Of India,3073.18,95.23,4.34,0.43
2023-12,HDFC BANK LTD,1040.77,96.50,3.44,0.06
2023-12,Bank of Baroda,766.81,94.55,4.94,0.51
2023-12,Union Bank of India,745.87,94.86,4.38,0.76
2023-12,Punjab National Bank,607.36,95.25,4.59,0.17
2023-12,Kotak Mahindra Bank,588.94,94.40,5.11,0.49
2023-12,Canara Bank,563.67,94.26,5.38,0.37
2023-12,Axis Bank Ltd.,562.18,96.43,3.57,0.01
2023-12,ICICI Bank,556.61,96.39,3.28,0.33
2023-12,Paytm Payments Bank,410.19,96.37,3.63,0.00
2023-12,Bank of India,384.87,95.78,4.03,0.18
2023-12,Indian Bank,338.76,95.28,4.52,0.20
2023-12,Airtel Payments Bank,320.02,88.41,8.15,3.43
2023-12,India Post Payment Bank,247.32,82.43,11.85,5.72
2023-12,Federal Bank,184.64,95.56,4.34,0.10
2023-12,Central Bank Of India,177.99,86.46,11.95,1.59
2023-12,Indian Overseas Bank,160.68,93.86,4.42,1.72
2023-12,UCO Bank,147.86,94.38,5.06,0.56
2023-12,IDBI Bank Limited,139.37,94.99,3.80,1.21
2023-12,Bank of Maharashtra,133.33,94.32,4.68,1.00
2023-12,INDUSIND BANK,120.30,92.92,6.12,0.97
2023-12,Fino Payments Bank Limited FIP,107.84,90.01,8.54,1.45
2023-12,Yes Bank Ltd,97.36,95.39,4.51,0.10
2023-12,Karnataka Bank,96.35,92.95,5.48,1.57
2023-12,IDFC FIRST Bank,75.11,93.58,6.38,0.04
2023-12,Karur Vysya Bank,58.61,93.73,5.71,0.56
2023-12,South Indian Bank,48.80,96.11,3.82,0.08
2023-12,Jammu and Kashmir Bank,48.75,69.74,25.78,4.48
2023-12,Bandhan Bank,47.39,92.57,6.71,0.72
2023-12,Ujjivan Small Finance Bank,36.67,93.65,5.57,0.78
2023-12,AU small Finance Bank,36.18,94.68,4.30,1.02
2023-12,City Union Bank,34.96,93.56,6.10,0.34
2023-12,Tri O Tech Solutions Private Limited,34.24,100.00,0.00,0.00
2023-12,Punjab and Sind Bank,31.50,89.74,6.25,4.01
2023-12,Tamilnad Mercantile Bank,30.97,94.34,5.15,0.51
2023-12,Equitas Bank,28.13,93.09,6.89,0.02
2023-12,Standard Chartered,27.13,95.82,2.10,2.08
2023-12,Kerala Gramin Bank,25.29,93.63,6.11,0.27
2023-12,DBS Bank India Limited,24.94,95.90,4.08,0.02
2023-12,Andhra Pradesh Grameena Vikas Bank,24.85,88.05,10.56,1.39
2023-12,Pragathi Krishna Gramin Bank,23.88,91.21,8.32,0.46
2023-12,Maharashtra Gramin Bank,22.04,85.60,10.75,3.65
2023-12,Saraswat Bank,21.70,94.44,4.88,0.68
2023-12,Baroda UP Gramin Bank,20.77,51.12,9.10,39.78
2023-12,Citibank,20.47,96.75,3.06,0.19
2023-12,ESAF Small Finance Bank Ltd.,19.79,94.55,5.13,0.31
2023-12,HDFC Bank Credit Card HCB,19.02,94.17,5.61,0.21
2023-12,Rajasthan Marudhara Gramin Bank,18.75,87.95,10.82,1.23
2023-12,Fincare Small Finance Bank Ltd,16.01,87.76,11.47,0.76
2023-12,RBL Bank,14.97,80.11,6.09,13.80
2023-11,State Bank Of India,2861.65,94.81,4.47,0.72
2023-11,HDFC BANK LTD,974.06,96.39,3.57,0.04
2023-11,Bank of Baroda,721.89,95.07,4.82,0.11
2023-11,Union Bank of India,700.46,95.55,4.03,0.42
2023-11,Punjab National Bank,564.71,95.09,4.47,0.44
2023-11,Kotak Mahindra Bank,543.50,94.87,5.05,0.08
2023-11,Canara Bank,527.96,94.11,5.22,0.66
2023-11,ICICI Bank,526.20,96.32,3.44,0.23
2023-11,Axis Bank Ltd.,512.13,96.38,3.57,0.05
2023-11,Paytm Payments Bank,412.00,96.42,3.57,0.01
2023-11,Bank of India,366.39,92.32,3.72,3.96
2023-11,Indian Bank,317.62,95.18,4.64,0.18
2023-11,Airtel Payments Bank,286.95,91.14,8.22,0.64
2023-11,India Post Payment Bank,226.01,84.48,13.19,2.33
2023-11,Federal Bank,172.99,95.22,4.21,0.58
2023-11,Central Bank Of India,165.88,89.27,8.84,1.88
2023-11,Indian Overseas Bank,151.39,94.62,4.41,0.98
2023-11,UCO Bank,139.38,94.08,5.04,0.87
2023-11,IDBI Bank Limited,132.00,93.91,3.83,2.26
2023-11,Bank of Maharashtra,122.25,94.84,4.75,0.41
2023-11,INDUSIND BANK,112.00,93.43,5.86,0.71
2023-11,Fino Payments Bank Limited FIP,100.60,89.84,8.33,1.83
2023-11,Karnataka Bank,89.24,94.13,5.33,0.55
2023-11,Yes Bank Ltd,88.32,95.78,4.16,0.06
2023-11,IDFC FIRST Bank,69.99,93.90,5.87,0.22
2023-11,Karur Vysya Bank,55.13,93.81,5.54,0.65
2023-11,South Indian Bank,45.79,95.52,4.11,0.37
2023-11,Bandhan Bank,43.79,91.71,6.91,1.38
2023-11,Jammu and Kashmir Bank,43.20,91.56,5.50,2.94
2023-11,Ujjivan Small Finance Bank,33.77,93.71,5.43,0.86
2023-11,City Union Bank,33.22,93.96,5.80,0.25
2023-11,AU small Finance Bank,33.01,95.58,4.18,0.25
2023-11,Tamilnad Mercantile Bank,29.10,94.60,5.11,0.29
2023-11,Punjab and Sind Bank,28.90,93.62,5.83,0.55
2023-11,Tri O Tech Solutions Private Limited,28.43,100.00,0.00,0.00
2023-11,Equitas Bank,26.50,92.55,7.39,0.06
2023-11,Standard Chartered,26.22,97.42,2.23,0.35
2023-11,Kerala Gramin Bank,23.92,90.19,7.84,1.97
2023-11,DBS Bank India Limited,23.67,95.97,3.98,0.04
2023-11,Andhra Pradesh Grameena Vikas Bank,23.04,88.90,10.34,0.76
2023-11,Pragathi Krishna Gramin Bank,21.81,92.21,6.66,1.13
2023-11,Saraswat Bank,20.40,96.37,3.34,0.29
2023-11,Maharashtra Gramin Bank,19.82,86.91,10.90,2.19
2023-11,Citibank,18.89,95.62,3.26,1.12
2023-11,Baroda UP Gramin Bank,18.78,69.42,9.05,21.53
2023-11,ESAF Small Finance Bank Ltd.,18.18,94.76,4.90,0.34
2023-11,Rajasthan Marudhara Gramin Bank,16.90,89.38,10.18,0.45
2023-11,RBL Bank,14.75,84.95,7.10,7.95
2023-11,Fincare Small Finance Bank Ltd,14.66,87.00,11.11,1.89
2023-11,Sarva Haryana Gramin Bank,14.28,89.89,6.71,3.40
2023-10,State Bank Of India,2930.95,92.62,4.45,2.93
2023-10,HDFC BANK LTD,1005.24,96.26,3.55,0.20
2023-10,Bank of Baroda,746.16,93.72,5.11,1.17
2023-10,Union Bank of India,717.97,94.43,4.16,1.41
2023-10,Punjab National Bank,576.75,94.44,4.82,0.74
2023-10,ICICI Bank,542.07,95.69,3.65,0.66
2023-10,Axis Bank Ltd,533.42,96.43,3.55,0.01
2023-10,Kotak Mahindra Bank,553.74,94.24,4.94,0.81
2023-10,Canara Bank,530.06,94.48,5.09,0.43
2023-10,Paytm Payments Bank,441.45,96.35,3.65,0.00
2023-10,Bank of India,373.98,95.79,3.91,0.29
2023-10,Indian Bank,321.72,94.93,4.91,0.16
2023-10,Airtel Payments Bank,285.50,91.12,8.63,0.25
2023-10,India Post Payment Bank,218.45,86.20,12.46,1.34
2023-10,Federal Bank,175.29,95.30,4.55,0.15
2023-10,Central Bank Of India,172.01,88.14,9.57,2.29
2023-10,Indian Overseas Bank,151.31,94.84,4.48,0.67
2023-10,UCO Bank,143.86,94.08,5.17,0.75
2023-10,IDBI Bank Limited,136.12,94.64,3.77,1.59
2023-10,Bank of Maharashtra,126.73,94.62,4.90,0.48
2023-10,INDUSIND BANK,116.32,92.20,5.73,2.06
2023-10,Fino Payments Bank Limited FIP,105.67,85.45,11.77,2.78
2023-10,Yes Bank Ltd,94.16,95.49,4.39,0.12
2023-10,Karnataka Bank,90.33,93.61,5.57,0.82
2023-10,Karur Vysya Bank,56.39,93.67,5.71,0.62
2023-10,Bandhan Bank,39.99,89.22,9.71,1.07
2023-10,South Indian Bank,45.73,96.08,3.84,0.08
2023-10,IDFC FIRST Bank,71.76,94.27,5.54,0.19
2023-10,Jammu and Kashmir Bank,41.53,91.11,6.00,2.89
2023-10,City Union Bank,33.89,93.79,5.98,0.22
2023-10,Ujjivan Small Finance Bank,34.85,92.15,5.57,2.28
2023-10,AU small Finance Bank,33.85,95.45,4.24,0.31
2023-10,Tamilnad Mercantile Bank,29.57,93.69,5.18,1.12
2023-10,Equitas Small Finance Bank,27.66,92.15,7.82,0.03
2023-10,Standard Chartered,30.00,97.09,2.50,0.41
2023-10,Punjab and Sind Bank,27.65,91.68,6.34,1.99
2023-10,DBS Bank India Limited,24.94,95.54,3.91,0.55
2023-10,Andhra Pradesh Grameena Vikas Bank,23.22,88.00,11.27,0.74
2023-10,Pragathi Krishna Gramin Bank,21.54,91.33,6.68,1.99
2023-10,Citibank,19.79,95.28,3.00,1.72
2023-10,Maharashtra Gramin Bank,20.84,86.25,11.68,2.07
2023-10,Kerala Gramin Bank,22.94,89.93,7.97,2.10
2023-10,Saraswat Bank,20.94,96.38,3.40,0.22
2023-10,Tri O Tech Solutions Private Limited,27.54,100.00,0.00,0.00
2023-10,Rajasthan Marudhara Gramin Bank,17.72,87.47,11.85,0.68
2023-10,ESAF Small Finance Bank Ltd.,18.06,94.04,5.47,0.49
2023-10,Baroda UP Gramin Bank,17.16,80.46,10.92,8.62
2023-10,Sarva Haryana Gramin Bank,14.65,90.62,6.76,2.62
2023-10,RBL Bank,14.89,87.52,7.32,5.15
2023-10,Andhra Pragathi Grameena Bank,12.89,86.03,12.97,1.00
2023-09,State Bank of India,2730.35,95.55,4.19,0.26
2023-09,HDFC BANK LTD,912.87,95.78,3.66,0.56
2023-09,Bank of Baroda,681.10,94.47,5.18,0.35
2023-09,Union Bank of India,657.95,94.38,4.46,1.16
2023-09,Punjab National Bank,526.67,95.01,4.75,0.24
2023-09,Kotak Mahindra Bank,501.84,94.49,5.18,0.33
2023-09,ICICI Bank,484.28,96.33,3.27,0.40
2023-09,Canara Bank,486.91,94.38,5.24,0.38
2023-09,Axis Bank Ltd.,486.35,96.27,3.58,0.15
2023-09,Paytm Payments Bank,426.45,96.30,3.67,0.03
2023-09,Bank of India,340.89,95.80,3.95,0.25
2023-09,Indian Bank,294.13,91.03,4.47,4.50
2023-09,Airtel Payments Bank,258.59,91.11,8.69,0.20
2023-09,India Post Payment Bank,203.54,82.83,14.35,2.82
2023-09,Federal Bank,162.00,95.55,4.41,0.04
2023-09,Central Bank of India,159.29,88.16,8.99,2.85
2023-09,Indian Overseas Bank,138.04,93.73,4.48,1.79
2023-09,UCO Bank,135.33,90.15,5.19,4.65
2023-09,IDBI Bank Limited,123.74,95.55,3.73,0.71
2023-09,Bank of Maharashtra,114.21,93.20,4.99,1.81
2023-09,INDUSIND BANK,103.02,92.10,6.11,1.79
2023-09,Fino Payments Bank Limited FIP,96.47,84.96,13.10,1.94
2023-09,Yes Bank Ltd,86.02,95.48,4.30,0.22
2023-09,Karnataka Bank,83.65,93.99,5.47,0.54
2023-09,IDFC FIRST Bank,63.89,94.98,4.84,0.18
2023-09,Karur Vysya Bank,52.38,93.73,5.94,0.33
2023-09,Bandhan Bank,43.57,94.86,4.72,0.42
2023-09,South Indian Bank,43.14,95.22,4.17,0.62
2023-09,Jammu and Kashmir Bank,37.82,91.00,5.72,3.28
2023-09,City Union Bank,31.47,93.35,6.24,0.41
2023-09,Ujjivan Small Finance Bank,31.20,93.70,5.70,0.60
2023-09,AU small Finance Bank,30.84,95.20,4.54,0.25
2023-09,Tamilnad Mercantile Bank,27.64,93.01,5.04,1.95
2023-09,Punjab and Sind Bank,27.65,91.97,7.62,0.41
2023-09,Equitas Bank,25.82,91.63,8.28,0.09
2023-09,Standard Chartered,23.69,95.03,2.64,2.33
2023-09,DBS Bank India Limited,23.25,95.86,4.02,0.12
2023-09,Tri O Tech Solutions Private Limited,22.88,100.00,0.00,0.00
2023-09,Andhra Pradesh Grameena Vikas Bank,21.39,86.26,11.63,2.11
2023-09,Kerala Gramin Bank,20.53,90.84,8.06,1.10
2023-09,Pragathi Krishna Gramin Bank,19.97,90.54,7.96,1.50
2023-09,Maharashtra Gramin Bank,19.60,83.93,12.09,3.98
2023-09,Citibank,18.87,96.48,3.09,0.43
2023-09,Saraswat Bank,18.79,96.71,3.06,0.23
2023-09,Rajasthan Marudhara Gramin Bank,16.66,86.17,11.82,2.01
2023-09,ESAF Small Finance Bank Ltd.,16.56,93.67,5.28,1.05
2023-09,Baroda UP Gramin Bank,16.05,75.61,11.53,12.86
2023-09,Fincare Small Finance Bank Ltd,13.91,85.87,11.79,2.34
2023-09,RBL Bank,13.31,88.49,6.83,4.68
2023-09,Sarva Haryana Gramin Bank,13.27,92.84,6.80,0.36
2023-08,State Bank Of India,2707.09,95.05,4.22,0.73
2023-08,HDFC BANK LTD,933.63,95.83,4.03,0.15
2023-08,Bank of Baroda,695.99,93.18,5.19,1.63
2023-08,Union Bank of India,662.03,94.81,4.20,1.00
2023-08,Punjab National Bank,518.59,94.33,4.52,1.15
2023-08,ICICI Bank,508.79,96.20,3.10,0.71
2023-08,Kotak Mahindra Bank,498.97,94.82,5.13,0.05
2023-08,Axis Bank Ltd.,490.64,96.24,3.56,0.20
2023-08,Canara Bank,487.59,94.49,4.98,0.53
2023-08,Paytm Payments Bank,455.52,96.43,3.54,0.02
2023-08,Bank of India,344.29,95.67,3.89,0.45
2023-08,Indian Bank,291.98,95.21,4.45,0.33
2023-08,Airtel Payments Bank,248.48,90.47,8.74,0.79
2023-08,India Post Payment Bank,194.45,85.69,11.86,2.46
2023-08,Federal Bank,166.08,95.08,4.52,0.39
2023-08,Central Bank Of India,162.66,88.74,9.13,2.13
2023-08,Indian Overseas Bank,139.00,93.84,4.49,1.67
2023-08,UCO Bank,130.70,94.20,4.91,0.88
2023-08,IDBI Bank Limited,125.88,94.14,3.70,2.16
2023-08,Bank of Maharashtra,116.36,94.33,5.13,0.54
2023-08,INDUSIND BANK,103.58,91.60,5.32,3.08
2023-08,Fino Payments Bank Limited FIP,94.61,84.39,14.35,1.26
2023-08,Yes Bank Ltd,86.57,95.43,4.43,0.14
2023-08,Karnataka Bank,84.56,93.78,5.37,0.86
2023-08,IDFC FIRST Bank,64.37,93.77,5.51,0.71
2023-08,Karur Vysya Bank,52.31,93.73,6.02,0.25
2023-08,South Indian Bank,43.92,96.05,3.94,0.02
2023-08,Bandhan Bank,42.73,94.35,4.70,0.96
2023-08,Jammu and Kashmir Bank,35.95,92.35,5.88,1.77
2023-08,City Union Bank,31.40,93.30,6.15,0.54
2023-08,AU small Finance Bank,31.04,95.27,4.69,0.04
2023-08,Ujjivan Small Finance Bank,31.03,93.60,5.73,0.67
2023-08,Punjab and Sind Bank,27.25,88.89,6.64,4.48
2023-08,Tamilnad Mercantile Bank,27.10,94.32,5.38,0.29
2023-08,Equitas Small Finance Bank,26.39,91.08,8.55,0.37
2023-08,Standard Chartered,25.80,96.46,2.13,1.41
2023-08,DBS Bank India Limited,23.99,95.34,4.09,0.57
2023-08,Andhra Pradesh Grameena Vikas Bank,21.67,85.93,11.66,2.40
2023-08,Kerala Gramin Bank,21.45,87.49,7.82,4.70
2023-08,Pragathi Krishna Gramin Bank,20.54,88.05,10.31,1.63
2023-08,Tri O Tech Solutions Private Limited,20.27,100.00,0.00,0.00
2023-08,Maharashtra Gramin Bank,19.77,84.80,12.66,2.54
2023-08,Citibank,19.62,96.15,3.31,0.53
2023-08,Saraswat Bank,19.25,96.12,3.05,0.83
2023-08,Rajasthan Marudhara Gramin Bank,17.16,85.32,11.34,3.33
2023-08,ESAF Small Finance Bank Ltd.,16.63,92.99,5.08,1.93
2023-08,Baroda UP Gramin Bank,15.76,74.78,10.85,14.36
2023-08,RBL Bank,13.67,87.20,9.24,3.56
2023-08,Fincare Small Finance Bank Ltd,13.25,86.13,11.59,2.28
2023-08,Sarva Haryana Gramin Bank,12.81,90.66,6.73,2.61
2023-07,State Bank Of India,2574.67,95.55,4.27,0.17
2023-07,HDFC BANK LTD,879.56,96.30,3.59,0.11
2023-07,Bank of Baroda,645.14,94.64,5.21,0.15
2023-07,Union Bank of India,616.05,95.63,4.35,0.01
2023-07,Punjab National Bank,480.73,95.29,4.47,0.24
2023-07,ICICI Bank,481.53,96.70,3.27,0.03
2023-07,Axis Bank Ltd.,462.20,96.34,3.65,0.01
2023-07,Kotak Mahindra Bank,460.81,94.83,5.13,0.04
2023-07,Canara Bank,454.62,94.32,4.97,0.71
2023-07,Paytm Payments Bank,433.01,96.43,3.55,0.02
2023-07,Bank of India,322.25,95.72,4.14,0.13
2023-07,Indian Bank,276.75,93.27,4.86,1.86
2023-07,Airtel Payments Bank,224.92,90.33,8.55,1.12
2023-07,India Post Payment Bank,175.71,84.45,11.40,4.15
2023-07,Federal Bank,154.12,95.07,4.68,0.25
2023-07,Central Bank Of India,154.10,89.55,8.65,1.80
2023-07,Indian Overseas Bank,132.05,92.31,4.50,3.19
2023-07,UCO Bank,120.45,94.51,4.88,0.61
2023-07,IDBI Bank Limited,118.46,95.57,3.78,0.65
2023-07,Bank of Maharashtra,111.27,91.99,6.38,1.63
2023-07,INDUSIND BANK,97.54,94.25,5.44,0.31
2023-07,Fino Payments Bank Limited FIP,90.80,79.40,15.40,5.21
2023-07,Yes Bank Ltd,85.79,95.53,4.30,0.17
2023-07,Karnataka Bank,80.33,92.53,5.69,1.77
2023-07,Karur Vysya Bank,50.34,92.87,6.11,1.02
2023-07,Bandhan Bank,41.14,90.79,9.16,0.05
2023-07,South Indian Bank,40.23,95.41,4.49,0.11
2023-07,IDFC FIRST Bank,60.28,93.93,5.63,0.43
2023-07,Jammu and Kashmir Bank,31.04,91.74,6.44,1.82
2023-07,City Union Bank,29.80,93.47,6.29,0.24
2023-07,Ujjivan Small Finance Bank,29.03,93.93,5.73,0.34
2023-07,AU small Finance Bank,28.65,95.49,4.39,0.12
2023-07,Tamilnad Mercantile Bank,25.91,94.17,5.79,0.04
2023-07,Equitas Bank,25.64,90.10,8.75,1.14
2023-07,Standard Chartered,25.48,96.92,2.41,0.68
2023-07,Punjab and Sind Bank,25.31,89.04,8.36,2.60
2023-07,DBS Bank India Limited,23.19,95.78,3.98,0.25
2023-07,Andhra Pradesh Grameena Vikas Bank,20.75,84.92,12.33,2.75
2023-07,Pragathi Krishna Gramin Bank,20.14,85.92,10.66,3.42
2023-07,Citibank,19.10,95.95,3.31,0.75
2023-07,Maharashtra Gramin Bank,19.04,79.69,12.11,8.20
2023-07,Kerala Gramin Bank,18.76,91.27,8.30,0.43
2023-07,Saraswat Bank,17.71,95.29,3.55,1.15
2023-07,Tri O Tech Solutions Private Limited,16.79,100.00,0.00,0.00
2023-07,Rajasthan Marudhara Gramin Bank,16.19,83.07,12.32,4.61
2023-07,ESAF Small Finance Bank Ltd.,15.21,93.39,5.61,0.99
2023-07,Baroda UP Gramin Bank,13.14,83.94,8.79,7.27
2023-07,Sarva Haryana Gramin Bank,12.94,91.54,6.82,1.64
2023-07,RBL Bank,12.63,92.83,6.14,1.03
2023-07,Andhra Pragathi Grameena Bank,12.20,75.58,15.17,9.25
2023-06,State Bank of India,2415.09,95.62,4.23,0.14
2023-06,HDFC BANK LTD,830.95,96.41,3.49,0.11
2023-06,Bank of Baroda,604.62,94.46,5.36,0.18
2023-06,Union Bank of India,581.94,95.29,4.45,0.26
2023-06,ICICI Bank,461.74,95.59,3.11,1.31
2023-06,Punjab National Bank,449.87,95.31,4.24,0.45
2023-06,Kotak Mahindra Bank,436.37,92.80,4.85,2.34
2023-06,Canara Bank,429.75,94.19,4.86,0.95
2023-06,Axis Bank Ltd,422.13,96.07,3.88,0.05
2023-06,Paytm Payments Bank,407.65,96.41,3.59,0.00
2023-06,Bank of India,303.65,95.96,3.89,0.15
2023-06,Indian Bank,254.86,94.91,4.67,0.42
2023-06,Airtel Payments Bank,205.13,89.26,9.06,1.68
2023-06,India Post Payment Bank,171.64,74.50,10.55,14.95
2023-06,Federal Bank,147.42,94.11,5.17,0.72
2023-06,Central Bank Of India,146.77,88.61,8.72,2.67
2023-06,Indian Overseas Bank,121.04,94.91,4.52,0.57
2023-06,IDBI Bank Limited,113.13,95.57,3.67,0.76
2023-06,UCO Bank,111.61,91.35,5.18,3.46
2023-06,Bank of Maharashtra,103.70,94.03,5.09,0.87
2023-06,INDUSIND BANK,91.07,94.19,5.57,0.23
2023-06,Yes Bank Ltd,87.16,96.03,3.78,0.20
2023-06,Fino Payments Bank Limited,80.47,85.18,13.57,1.25
2023-06,Karnataka Bank,76.27,93.21,5.09,1.70
2023-06,IDFC FIRST Bank,60.02,93.98,5.59,0.43
2023-06,Karur Vysya Bank,47.09,93.03,6.88,0.09
2023-06,Bandhan Bank,38.12,93.15,5.44,1.41
2023-06,South Indian Bank,38.08,95.79,4.20,0.01
2023-06,Jammu and Kashmir Bank,30.81,88.97,7.02,4.00
2023-06,City Union Bank,27.66,93.18,6.25,0.57
2023-06,Ujjivan Small Finance Bank,26.84,93.85,5.74,0.41
2023-06,AU small Finance Bank,26.60,94.32,4.63,1.05
2023-06,Equitas Bank,24.45,90.40,9.33,0.26
2023-06,Tamilnad Mercantile Bank,23.94,94.02,5.74,0.25
2023-06,Punjab and Sind Bank,23.88,87.61,9.61,2.79
2023-06,DBS Bank India Limited,22.40,95.83,3.95,0.22
2023-06,Standard Chartered,21.93,97.40,2.29,0.31
2023-06,Andhra Pradesh Grameena Vikas Bank,20.70,79.23,12.48,8.29
2023-06,Pragathi Krishna Gramin Bank,18.72,86.69,9.58,3.73
2023-06,Citibank,18.54,94.07,3.75,2.18
2023-06,Maharashtra Gramin Bank,17.89,80.91,10.75,8.34
2023-06,Kerala Gramin Bank,17.62,89.73,8.33,1.95
2023-06,Saraswat Bank,17.31,95.04,3.75,1.21
2023-06,Tri O Tech Solutions Private Limited (PPI),14.99,100.00,0.00,0.00
2023-06,Rajasthan Marudhara Gramin Bank,14.55,82.55,12.85,4.60
2023-06,ESAF Small Finance Bank Ltd.,14.37,91.91,6.11,1.98
2023-06,Sarva Haryana Gramin Bank,12.47,90.04,6.89,3.07
2023-06,RBL Bank,12.07,92.58,6.25,1.17
2023-06,Baroda UP Gramin Bank,11.43,86.89,9.19,3.92
2023-06,Andhra Pragathi Grameena Bank,11.17,73.43,21.36,5.21
2023-05,State Bank Of India,2427.45,95.07,4.50,0.43
2023-05,HDFC BANK LTD,834.13,96.07,3.75,0.18
2023-05,Bank of Baroda,615.53,93.91,5.52,0.58
2023-05,Union Bank of India,587.30,95.23,4.27,0.50
2023-05,ICICI Bank,471.20,96.05,3.03,0.92
2023-05,Punjab National Bank,455.13,94.58,4.73,0.69
2023-05,Kotak Mahindra Bank,445.82,93.33,4.94,1.72
2023-05,Canara Bank,433.19,93.94,5.18,0.87
2023-05,Axis Bank Ltd.,427.56,95.98,4.01,0.02
2023-05,Paytm Payments Bank,425.23,96.31,3.67,0.02
2023-05,Bank of India,308.34,95.33,4.15,0.52
2023-05,Indian Bank,257.31,94.56,4.74,0.70
2023-05,Airtel Payments Bank,210.36,87.00,11.94,1.06
2023-05,India Post Payment Bank,167.39,80.61,15.66,3.73
2023-05,Central Bank Of India,150.03,90.06,8.41,1.53
2023-05,Federal Bank,149.25,95.22,4.71,0.08
2023-05,Indian Overseas Bank,121.85,94.43,5.18,0.39
2023-05,IDBI Bank Limited,114.16,95.20,3.90,0.90
2023-05,UCO Bank,112.87,93.87,5.29,0.84
2023-05,Bank of Maharashtra,104.95,92.49,5.04,2.47
2023-05,Yes Bank Ltd,94.89,96.33,3.56,0.11
2023-05,INDUSIND BANK,91.30,93.76,5.70,0.54
2023-05,Fino Payments Bank Limited FIP,81.88,82.85,14.95,2.21
2023-05,Karnataka Bank,74.77,91.31,6.20,2.50
2023-05,IDFC FIRST Bank,62.61,93.74,5.39,0.87
2023-05,Karur Vysya Bank,47.89,92.00,7.39,0.61
2023-05,Bandhan Bank,41.45,85.45,11.64,2.91
2023-05,South Indian Bank,38.15,96.02,3.92,0.06
2023-05,Jammu and Kashmir Bank,31.55,90.22,6.87,2.90
2023-05,City Union Bank,27.91,92.84,6.47,0.69
2023-05,AU small Finance Bank,26.71,94.11,4.78,1.11
2023-05,Ujjivan Small Finance Bank,26.70,93.39,5.96,0.65
2023-05,Equitas Bank,25.30,90.37,9.35,0.28
2023-05,Tamilnad Mercantile Bank,23.92,93.46,6.03,0.51
2023-05,Punjab and Sind Bank,23.51,84.29,8.50,7.21
2023-05,DBS Bank India Limited,22.90,95.55,4.03,0.42
2023-05,Standard Chartered,20.89,96.56,2.46,0.98
2023-05,Andhra Pradesh Grameena Vikas Bank,19.66,81.99,12.19,5.82
2023-05,Citibank,18.79,96.24,3.33,0.44
2023-05,Maharashtra Gramin Bank,18.29,79.80,11.39,8.80
2023-05,Saraswat Bank,17.68,95.93,3.03,1.04
2023-05,Pragathi Krishna Gramin Bank,17.50,89.78,9.71,0.51
2023-05,Kerala Gramin Bank,17.19,90.83,8.56,0.61
2023-05,ESAF Small Finance Bank Ltd.,16.84,74.48,24.33,1.19
2023-05,Rajasthan Marudhara Gramin Bank,15.87,76.51,15.43,8.06
2023-05,Sarva Haryana Gramin Bank,12.82,87.28,7.17,5.55
2023-05,Baroda UP Gramin Bank,12.32,78.88,9.72,11.40
2023-05,RBL,12.10,92.31,6.69,0.99
2023-05,Andhra Pragathi Grameena Bank,10.26,73.67,16.48,9.86
2023-05,Fincare Small Finance Bank Ltd,9.89,85.75,10.77,3.48
2023-04,State Bank of India,2298.06,93.37,4.69,1.94
2023-04,HDFC BANK LTD,797.45,96.04,3.61,0.35
2023-04,Bank of Baroda,589.97,93.37,6.35,0.28
2023-04,Union Bank of India,558.92,94.06,4.40,1.54
2023-04,ICICI Bank,456.92,96.67,3.02,0.31
2023-04,Punjab National Bank,429.32,94.35,4.53,1.12
2023-04,Kotak Mahindra Bank,420.44,94.51,4.95,0.54
2023-04,Axis Bank Ltd,419.45,95.75,4.12,0.13
2023-04,Canara Bank,410.23,94.14,5.33,0.53
2023-04,Paytm Payments Bank,403.18,96.01,3.92,0.07
2023-04,Bank of India,298.42,95.51,4.11,0.38
2023-04,Indian Bank,241.65,94.22,5.42,0.36
2023-04,Airtel Payments Bank,203.03,84.88,14.70,0.43
2023-04,India Post Payment Bank,170.07,68.79,19.69,11.52
2023-04,Central Bank Of India,143.94,89.12,8.58,2.30
2023-04,Federal Bank,140.58,95.05,4.84,0.11
2023-04,Indian Overseas Bank,114.60,93.86,5.10,1.04
2023-04,IDBI Bank Limited,108.52,93.92,4.05,2.03
2023-04,UCO Bank,106.14,93.31,5.79,0.90
2023-04,Bank of Maharashtra,101.34,92.88,4.44,2.68
2023-04,INDUSIND BANK,86.38,93.87,5.50,0.63
2023-04,Yes Bank Ltd,83.98,94.30,5.18,0.53
2023-04,Fino Payments Bank Limited,77.30,81.79,15.43,2.78
2023-04,Karnataka Bank,73.39,90.95,6.77,2.28
2023-04,IDFC FIRST Bank,65.41,93.84,5.29,0.87
2023-04,Karur Vysya Bank,45.52,93.32,6.30,0.38
2023-04,Bandhan Bank,40.20,83.17,11.83,5.00
2023-04,South Indian Bank,35.35,95.40,4.38,0.22
2023-04,Jammu and Kashmir Bank,28.65,85.16,6.51,8.33
2023-04,City Union Bank,26.60,92.01,7.23,0.75
2023-04,Ujjivan Small Finance Bank,25.30,93.44,6.05,0.52
2023-04,AU small Finance Bank,25.25,94.73,5.16,0.11
2023-04,Equitas Bank,24.78,89.64,9.84,0.51
2023-04,Punjab and Sind Bank,24.18,72.89,12.14,14.97
2023-04,Tamilnad Mercantile Bank,22.61,93.27,6.31,0.42
2023-04,DBS Bank India Limited,22.47,95.48,4.10,0.42
2023-04,Standard Chartered,20.58,95.48,2.64,1.89
2023-04,Citibank,18.93,96.10,3.34,0.56
2023-04,Andhra Pradesh Grameena Vikas Bank,18.59,81.16,12.74,6.10
2023-04,Pragathi Krishna Gramin Bank,17.59,89.02,10.14,0.84
2023-04,Maharashtra Gramin Bank,17.58,79.86,14.29,5.85
2023-04,Saraswat Bank,17.41,94.12,4.83,1.05
2023-04,ESAF Small Finance Bank Ltd.,16.00,73.35,25.56,1.09
2023-04,Kerala Gramin Bank,15.48,90.69,8.76,0.55
2023-04,Rajasthan Marudhara Gramin Bank,15.25,77.19,17.48,5.33
2023-04,Andhra Pragathi Grameena Bank,12.27,55.23,32.09,12.68
2023-04,RBL,12.05,93.08,6.36,0.55
2023-04,Sarva Haryana Gramin Bank,11.59,91.79,7.34,0.87
2023-04,Baroda UP Gramin Bank,11.10,85.69,10.93,3.38
2023-04,Fincare Small Finance Bank Ltd,9.21,84.10,11.08,4.82
2023-03,State Bank Of India,2260.05,92.46,5.09,2.45
2023-03,HDFC BANK LTD,778.92,94.41,4.74,0.85
2023-03,Bank of Baroda,572.31,93.72,5.89,0.39
2023-03,Union Bank of India,538.68,94.84,4.65,0.51
2023-03,ICICI Bank,444.82,96.09,3.11,0.80
2023-03,Axis Bank Ltd.,413.87,95.79,4.14,0.07
2023-03,Punjab National Bank,409.55,95.11,4.78,0.12
2023-03,Canara Bank,405.45,93.97,5.81,0.22
2023-03,Paytm Payments Bank,404.99,95.76,4.03,0.21
2023-03,Kotak Mahindra Bank,404.38,93.76,5.35,0.89
2023-03,Bank of India,293.39,95.42,4.06,0.53
2023-03,Indian Bank,236.53,92.72,5.50,1.78
2023-03,Airtel Payments Bank,193.35,86.62,13.09,0.30
2023-03,India Post Payment Bank,158.88,75.27,20.47,4.26
2023-03,Federal Bank,142.93,94.60,5.10,0.31
2023-03,Central Bank Of India,141.31,90.23,8.68,1.09
2023-03,Indian Overseas Bank,114.43,94.72,4.75,0.53
2023-03,IDBI Bank Limited,111.97,89.17,3.67,7.16
2023-03,UCO Bank,101.76,93.78,5.72,0.51
2023-03,Bank of Maharashtra,100.81,91.86,4.40,3.74
2023-03,INDUSIND BANK,83.58,94.08,5.59,0.32
2023-03,Yes Bank Ltd,78.15,95.31,4.26,0.43
2023-03,Fino Payments Bank,73.73,77.59,20.33,2.08
2023-03,Karnataka Bank,72.22,92.20,6.53,1.28
2023-03,IDFC FIRST Bank,65.54,92.41,6.39,1.20
2023-03,Karur Vysya Bank,45.86,92.75,6.71,0.54
2023-03,Bandhan Bank,37.63,88.08,8.84,3.07
2023-03,South Indian Bank,37.12,94.83,4.89,0.28
2023-03,City Union Bank,27.3,91.35,7.78,0.87
2023-03,Jammu and Kashmir Bank,26.67,89.34,6.29,4.37
2023-03,Equitas Bank,24.63,88.99,10.43,0.58
2023-03,Ujjivan Small Finance Bank,24.53,93.31,6.33,0.35
2023-03,AU small Finance Bank,24.37,94.50,5.19,0.30
2023-03,Tamilnad Mercantile Bank,22.69,93.16,6.60,0.24
2023-03,DBS Bank India Limited,22.51,95.46,4.06,0.47
2023-03,Punjab and Sind Bank,21.53,89.29,9.82,0.90
2023-03,Standard Chartered,20.28,96.72,2.42,0.85
2023-03,Andhra Pradesh Grameena Vikas Bank,18.43,82.74,11.63,5.64
2023-03,Citibank,18.42,95.76,3.42,0.83
2023-03,Maharashtra Gramin Bank,17.65,79.68,15.49,4.83
2023-03,Pragathi Krishna Gramin Bank,17.47,86.38,10.22,3.40
2023-03,Saraswat Bank,17.1,96.72,3.12,0.16
2023-03,Kerala Gramin Bank,16.26,89.80,9.10,1.11
2023-03,Rajasthan Marudhara Gramin Bank,15.76,74.89,19.11,6.00
2023-03,ESAF Small Finance Bank Ltd.,14.58,84.00,15.03,0.97
2023-03,RBL,11.99,92.44,6.80,0.77
2023-03,Andhra Pragathi Grameena Bank,11.75,77.24,16.27,6.48
2023-03,Sarva Haryana Gramin Bank,11.26,89.92,7.80,2.28
2023-03,Baroda UP Gramin Bank,10.54,84.29,13.20,2.51
2023-03,Fincare Small Finance Bank Ltd,8.59,85.47,10.75,3.78
2023-02,State Bank Of India,1987.68,89.00,6.43,4.57
2023-02,HDFC BANK LTD,681.04,95.96,3.76,0.28
2023-02,Bank of Baroda,502.38,92.92,5.81,1.28
2023-02,Union Bank of India,472.10,93.64,4.96,1.40
2023-02,ICICI Bank,397.14,96.50,3.29,0.21
2023-02,Axis Bank Ltd,367.84,95.47,4.50,0.04
2023-02,Paytm Payments Bank,360.42,96.17,3.77,0.06
2023-02,Kotak Mahindra Bank,358.40,93.36,5.26,1.38
2023-02,Canara Bank,354.92,93.13,6.21,0.66
2023-02,Punjab National Bank,351.60,94.68,4.98,0.33
2023-02,Bank of India,258.24,95.35,4.34,0.32
2023-02,Indian Bank,202.78,93.39,5.11,1.49
2023-02,Airtel Payments Bank,162.94,86.21,13.11,0.67
2023-02,India Post Payment Bank,154.66,57.40,23.33,19.26
2023-02,Federal Bank,127.02,94.17,5.34,0.48
2023-02,Central Bank Of India,123.73,90.05,8.78,1.18
2023-02,Indian Overseas Bank,100.80,94.23,5.30,0.47
2023-02,IDBI Bank Limited,97.58,94.77,4.02,1.20
2023-02,Bank of Maharashtra,89.07,94.51,4.68,0.81
2023-02,UCO Bank,87.90,93.47,5.87,0.66
2023-02,INDUSIND BANK,72.18,93.90,5.89,0.21
2023-02,IDFC FIRST Bank,67.51,91.83,4.93,3.24
2023-02,Yes Bank Ltd,66.76,95.49,4.13,0.38
2023-02,Fino Payments Bank,66.29,76.37,15.66,7.97
2023-02,Karnataka Bank,62.94,90.29,7.59,2.11
2023-02,Karur Vysya Bank,40.92,92.07,6.79,1.14
2023-02,Bandhan Bank,33.89,85.65,11.75,2.60
2023-02,South Indian Bank,32.46,93.93,5.15,0.92
2023-02,City Union Bank,23.61,92.89,6.25,0.86
2023-02,Jammu and Kashmir Bank,23.46,88.47,6.49,5.03
2023-02,Equitas Bank,21.75,89.06,10.50,0.44
2023-02,Ujjivan Small Finance Bank,21.17,92.25,6.71,1.05
2023-02,AU small Finance Bank,20.98,94.57,5.36,0.07
2023-02,Tamilnad Mercantile Bank,20.22,90.23,8.07,1.71
2023-02,DBS Bank India Limited,20.16,95.38,4.21,0.41
2023-02,Punjab and Sind Bank,19.12,86.81,12.41,0.78
2023-02,Standard Chartered,18.03,96.88,2.54,0.58
2023-02,Citibank,16.98,95.34,3.70,0.95
2023-02,Andhra Pradesh Grameena Vikas Bank,16.28,80.56,12.46,6.98
2023-02,Saraswat Bank,15.08,95.25,3.36,1.39
2023-02,Pragathi Krishna Gramin Bank,15.04,87.61,10.88,1.50
2023-02,Maharashtra Gramin Bank,14.93,82.05,15.61,2.34
2023-02,Kerala Gramin Bank,14.21,89.20,10.23,0.57
2023-02,ESAF Small Finance Bank Ltd.,13.60,77.06,21.90,1.04
2023-02,Rajasthan Marudhara Gramin Bank,12.76,80.63,10.95,8.41
2023-02,RBL,10.51,93.16,6.49,0.35
2023-02,Andhra Pragathi Grameena Bank,10.06,77.17,14.54,8.29
2023-02,Sarva Haryana Gramin Bank,10.03,83.21,7.66,9.13
2023-02,Baroda UP Gramin Bank,8.91,85.45,12.15,2.39
2023-02,Baroda Rajasthan Kshetriya Gramin Bank,7.42,82.62,11.38,6.00
2023-01,State Bank Of India,2153.20,91.62,6.19,2.20
2023-01,HDFC BANK LTD,708.14,95.29,4.37,0.35
2023-01,Bank of Baroda,522.75,93.00,6.12,0.87
2023-01,Union Bank of India,500.43,93.00,6.60,0.40
2023-01,ICICI Bank,421.23,95.62,3.34,1.04
2023-01,Axis Bank Ltd.,390.33,95.64,3.88,0.48
2023-01,Paytm Payments Bank,389.61,96.32,3.61,0.07
2023-01,Kotak Mahindra Bank,371.30,94.43,4.72,0.85
2023-01,Canara Bank,369.95,93.21,6.32,0.47
2023-01,Punjab National Bank,364.04,92.81,5.57,1.62
2023-01,Bank of India,273.77,94.88,4.50,0.62
2023-01,Indian Bank,213.14,93.64,5.59,0.77
2023-01,Airtel Payments Bank,173.73,83.53,15.88,0.59
2023-01,India Post Payment Bank,159.78,68.12,18.91,12.96
2023-01,Federal Bank,133.32,94.54,5.40,0.06
2023-01,Central Bank Of India,130.32,89.97,8.88,1.15
2023-01,Indian Overseas Bank,104.67,94.07,5.14,0.79
2023-01,IDBI Bank Limited,104.40,93.90,3.97,2.13
2023-01,Bank of Maharashtra,94.74,94.02,4.69,1.29
2023-01,UCO Bank,92.46,93.03,6.03,0.94
2023-01,Yes Bank Ltd,75.46,95.40,3.91,0.69
2023-01,INDUSIND BANK,74.98,93.48,6.05,0.47
2023-01,IDFC FIRST Bank,72.81,94.38,4.82,0.79
2023-01,Karnataka Bank,68.47,89.40,9.21,1.39
2023-01,Fino Payments Bank,68.27,79.03,15.53,5.44
2023-01,Karur Vysya Bank,43.55,92.38,6.94,0.68
2023-01,Bandhan Bank,35.86,85.78,8.82,5.40
2023-01,South Indian Bank,33.93,94.46,5.26,0.28
2023-01,City Union Bank,24.81,92.78,6.38,0.84
2023-01,Jammu and Kashmir Bank,24.02,91.59,7.25,1.16
2023-01,Equitas Bank,23.44,84.67,13.00,2.33
2023-01,Ujjivan Small Finance Bank,22.65,88.59,6.97,4.44
2023-01,AU small Finance Bank,21.95,93.85,6.01,0.14
2023-01,DBS Bank India Limited,21.51,95.60,4.31,0.09
2023-01,Tamilnad Mercantile Bank,21.15,90.07,8.34,1.59
2023-01,Punjab and Sind Bank,20.36,82.29,16.78,0.94
2023-01,Standard Chartered,19.02,96.35,2.67,0.98
2023-01,Citibank,18.45,95.06,4.04,0.90
2023-01,Andhra Pradesh Grameena Vikas Bank,17.28,84.81,11.32,3.87
2023-01,Pragathi Krishna Gramin Bank,16.31,86.54,12.68,0.78
2023-01,Maharashtra Gramin Bank,16.24,79.69,14.63,5.68
2023-01,Saraswat Bank,16.14,95.60,3.84,0.55
2023-01,Kerala Gramin Bank,14.62,88.71,10.47,0.82
2023-01,ESAF Small Finance Bank Ltd.,13.53,82.67,16.20,1.12
2023-01,Rajasthan Marudhara Gramin Bank,13.29,80.76,11.92,7.32
2023-01,Sarva Haryana Gramin Bank,10.72,79.36,11.31,9.33
2023-01,RBL,10.64,90.93,7.44,1.63
2023-01,Andhra Pragathi Grameena Bank,9.99,83.50,13.64,2.86
2023-01,Baroda UP Gramin Bank,9.71,79.21,11.93,8.86
2023-01,Baroda Rajasthan Kshetriya Gramin Bank,8.11,81.15,9.94,8.91
